Mean Gap Score Difference	IntraDomainWord	IntraDomainWord	IntraDomainWord	IntraDomainWord	IntraDomainWord	IntraDomainWord	IntraDomainWord	IntraDomainWord	IntraDomainWord	IntraDomainWord	ExtraDomainWord	ExtraDomainWord	ExtraDomainWord	ExtraDomainWord	ExtraDomainWord	Gensim Computed Outsider	Right Computer Outsider	Occurences W0	Occurences W1	Occurences W2	Occurences W3	Occurences W4	Occurences W5	Occurences W6	Occurences W7	Occurences W8	Occurences W9	Occurences W10	Occurences W11	Occurences W12	Occurences W13	Occurences W14	Most similar word to W0	Most similar word to W1	Most similar word to W2	Most similar word to W3	Most similar word to W4	Most similar word to W5	Most similar word to W6	Most similar word to W7	Most similar word to W8	Most similar word to W9	Most similar word to W10	Most similar word to W11	Most similar word to W12	Most similar word to W13	Most similar word to W14
0.10115362248433257	ζῳοποιέω	ἐξανάστασις	ἀνάστασις	συζωοποιέω	ζάω	ἐξεγείρω	ἔγερσις	ζῳογονέω	ἀναζάω	συνεγείρω	ἐνοικέω	οἰκέω	κατοικία	οἰκητήριον	παροικέω	ἐξεγείρω	0	11	2	48	2	694	73	4	3	2	6	46	156	36	3	72	ὀλοθρεύω ; 0.5708876848220825	δυσόμματος ; 0.5234448909759521	Χριστός ; 0.576299786567688	ἀσιτία ; 0.5599948167800903	ἐγγύτερον ; 0.5736112594604492	ἀποθαυμάζω ; 0.5146450400352478	φαεινός ; 0.5731940269470215	Κούρητες ; 0.5475403070449829	ἀνεκλάλητος ; 0.5198944807052612	ἰσός ; 0.5304853320121765	ἐγχρίμπτω ; 0.5564156174659729	κληροδοσία ; 0.5839342474937439	ῥαθάμιγξ ; 0.5268511772155762	διωγμός ; 0.5991981029510498	αὐλίζω ; 0.587541937828064
0.04432631277832466	ὀλοθρευτής	φθορά	πορθέω	φθείρω	συναπόλλυμαι	ὄλεθρος	ἐξολεθρεύω	ἀπόλλυμι	ἀπώλεια	ὀλοθρεύω	ἄκανθα	ἄψινθος	ἀκάνθινος	κάλαμος	χλωρός	συναπόλλυμαι	0	1	20	5	29	1	27	218	465	135	1	45	1	3	40	19	τυπικῶς ; 0.678124189376831	σύμμορφος ; 0.6031955480575562	διερμηνευτής ; 0.5642615556716919	ἔως ; 0.5563209056854248	κοινωνός ; 0.5364773273468018	ζημία ; 0.5976235866546631	ἐξαίρω ; 0.6305640935897827	καταλείπω ; 0.6468194723129272	ἀφανισμός ; 0.5748562812805176	πρόσχυσις ; 0.6336286664009094	ὑπερφόβος ; 0.556046187877655	διαστράπτω ; 0.60837322473526	Ἀζείδης ; 0.5403205156326294	διαζάω ; 0.5417959690093994	βοτάνη ; 0.5618904829025269
0.09550519781206063	δωρέομαι	ἐπιτίθημι	ἀναδίδωμι	προδίδωμι	δόμα	δόσις	δίδωμι	ἐπιδίδωμι	παραδίδωμι	δότης	ἐξηγέομαι	ἀγγέλλω	ἀγγελία	ἀναγγέλλω	ἐρεύγομαι	ἀγγελία	1	8	304	3	4	62	25	2526	22	392	2	15	1	15	269	7	ὄγκος2 ; 0.5609336495399475	ἐπιβάλλω ; 0.6609587669372559	Γέλων ; 0.5548821091651917	ὑπέχω ; 0.5706132650375366	δῶρον ; 0.6296682953834534	δόμα ; 0.5688853859901428	ἀποδίδωμι ; 0.6938678622245789	ἀνατέμνω ; 0.5249687433242798	ἐξαποστέλλω ; 0.6350294947624207	ἐλεήμων ; 0.5436795353889465	προσκαλέομαι ; 0.5227948427200317	πλημμυρίς ; 0.5174247026443481	ψίθυρος ; 0.5161264538764954	ἀπαγγέλλω ; 0.6997323632240295	μαγαλύνω ; 0.6317412853240967
0.4187999624261763	δέκα	τέσσαρες	πέντε	τρεῖς	δύο	ἑπτά	ἕξ	ἐννέα	ὀκτώ	εἷς	ἄρκος	ζῷον	θρέμμα	λύκος	ἀγέλη	ἀγέλη	1	350	287	316	444	814	462	143	48	91	1366	18	61	1	15	17	εἴκοσι ; 0.7771992683410645	ἕξ ; 0.6989707350730896	ἑκατόν ; 0.7568334341049194	δέκα ; 0.7489961385726929	δέκα ; 0.7381709814071655	ἕξ ; 0.7047685384750366	δύο ; 0.7365240454673767	Σελεϊμ ; 0.5557079315185547	ἑξήκοντα ; 0.6951206922531128	δύο ; 0.6887381672859192	λέων ; 0.6243442296981812	ἐρυσίπτολις ; 0.5558642745018005	ἀρτιγέννητος ; 0.5771974325180054	Σουλαμῖτις ; 0.5521356463432312	σκορακισμός ; 0.5679133534431458
0.09104555174263917	προσλαλέω	λέγω	φημί	φθέγγομαι	ἐκλαλέω	ἐπιφωνέω	ἀναφωνέω	προσαγωγή	ἀποφθέγγομαι	λαλέω	διαχειρίζομαι	σφαγή	κοπή	ἀποκτείνω	ἀναίρεσις	κοπή	1	4	4471	138	18	2	7	6	3	9	1480	2	26	5	309	5	ἐντροπή ; 0.5763468742370605	εἶπον ; 0.7062554955482483	λέγω ; 0.6286392211914062	ἑτερόγλωσσος ; 0.5111860036849976	μέλω ; 0.5317301750183105	πολύβατος ; 0.5544764995574951	ψαλτῳδός ; 0.5311245322227478	προγίγνομαι ; 0.6168110370635986	Προθόων ; 0.5898425579071045	ἀκούω ; 0.5760936737060547	αἰτίωμα ; 0.5403338074684143	ῥῦμα ; 0.577964186668396	Αρια ; 0.5636169910430908	ἀναιρέω ; 0.6860164403915405	ἐμφανίζω ; 0.5598948001861572
0.06273680760708866	φθινοπωρινός	διετία	θέρος	ἔτος	παραχειμασία	διετής	τριετία	χειμών	ἐνιαυτός	παραχειμάζω	ῥιπή	τρέμω	τρόμος	ἐκτινάσσω	σείω	ἐκτινάσσω	1	1	2	11	765	1	2	1	13	167	4	1	16	35	29	42	ὑπό ; 0.5360486507415771	ἀκρόαμα ; 0.6251611709594727	ἀργός2 ; 0.5710753202438354	ἡμέρα ; 0.6472654938697815	Παυσίστρατος ; 0.5487001538276672	Ποστόμιος ; 0.5904497504234314	ἀπογραφή ; 0.5815110206604004	ὡσανεί ; 0.532439112663269	Μάγνης ; 0.5742471218109131	προσδοκάω ; 0.5452013611793518	ἄτομος ; 0.5609903335571289	ἰδιώτης ; 0.6221140623092651	τέρψις ; 0.5239965915679932	παύσις ; 0.5400261878967285	παραφέρω ; 0.5869390368461609
0.06807197109839697	ὀργίζομαι	θυμομαχέω	χολάω	προσοχθίζω	ὀργή	παροργίζω	ὀργίλος	θυμόομαι	παροργισμός	θυμός	πόσις	πόμα	σιτομέτριον	ψωμίον	βρῶμα	θυμομαχέω	0	9	1	1	23	339	60	5	1	8	351	5	7	1	4	87	ἐξεγγυάω ; 0.5106296539306641	Θελμελεθ ; 0.6716389060020447	διαφαύσκω ; 0.5443457365036011	κατοικίζω ; 0.5535597801208496	θυμός ; 0.7266823053359985	βεβηλόω ; 0.6369423866271973	ἐκσαρκίζω ; 0.5732830166816711	Φαραώ ; 0.5605770945549011	ἀκροκνέφαιος ; 0.5340681076049805	ὀργή ; 0.7266823053359985	φράζω ; 0.5586212873458862	πειθὴνιος ; 0.5384232997894287	οἰκετεία ; 0.6006902456283569	πάχετος ; 0.5618529319763184	ἄρτος ; 0.636462390422821
0.1014849875906999	θανατόω	κοπή	κατασφάζω	σφαγή	ἀναιρέω	σφάζω	ἀναίρεσις	διαχειρίζομαι	καταστρώννυμι	ἀποκτείνω	θορυβάζω	καταπονέω	θορυβέω	μεριμνάω	ἀνασκευάζω	ἀνασκευάζω	1	169	5	11	26	110	94	5	2	10	309	1	4	10	28	1	ἀποθνῄσκω ; 0.7149893045425415	Αρια ; 0.5636169910430908	Σωσίπατρος ; 0.5806474089622498	ῥῦμα ; 0.577964186668396	ἀποκτείνω ; 0.6860164403915405	προσάγω ; 0.5855714082717896	ἐμφανίζω ; 0.5598948001861572	αἰτίωμα ; 0.5403338074684143	σύρω ; 0.6015741229057312	ἀναιρέω ; 0.6860164403915405	περισπάομαι ; 0.6275888681411743	Ἀρθμιάδας ; 0.5628061294555664	πειρατής ; 0.5761846899986267	ἐπικουφίζω ; 0.5544167160987854	ἐναλείφω ; 0.4860473871231079
0.1486791422831561	κρυφῇ	ἀπόκρυφος	κρυπτός	κρύπτη	λάθρᾳ	βαθύς	μυστήριον	ἀφανής	βάθος	κρυφαῖος	ὑπεροχή	κυρία	πρωτοστάτης	ἐξοχή	μεγιστάν	λάθρᾳ	0	13	28	34	1	13	28	57	5	31	6	7	10	2	1	52	προσαίτης ; 0.5514635443687439	συμφράζομαι ; 0.5749572515487671	διάνοια ; 0.5565675497055054	μόδιος ; 0.6171993613243103	ὑγιαίνω ; 0.5806903839111328	ἰταμία ; 0.5309576988220215	διάκονος ; 0.5830426812171936	ἀπολακτισμός ; 0.4699673652648926	ἄνους ; 0.5478535890579224	ἀμώμητος ; 0.5113500356674194	περισσεία ; 0.5557302832603455	προσποίημα ; 0.5854192972183228	ἄπρακτος ; 0.6225908994674683	ἐλεφάντων ; 0.5934157371520996	ἄρχων ; 0.5689482688903809
0.1966632046687808	ἐπίβλημα	ὀθόνη	ὀθόνιον	σινδών	σουδάριον	ῥάκος	λέντιον	καταπέτασμα	κειρία	ἔνδυμα	ἐκπλέω	ἀνάγω	εὐθυδρομέω	ἀποπλέω	ὑποπλέω	ὑποπλέω	1	5	2	8	10	4	5	2	44	2	21	3	136	2	4	2	ἐπιρρέζω ; 0.5598948001861572	Θράξ ; 0.5606763958930969	ψιλόω ; 0.5365277528762817	τακτός ; 0.6002177596092224	τιάρα ; 0.5984266400337219	καταμήνιος ; 0.5697879791259766	Κεδρών ; 0.5966008901596069	δέρτρον ; 0.60921710729599	Ιωιαριβ ; 0.5234009623527527	ἱμάτιον ; 0.5548921227455139	ἀποπλέω ; 0.6148556470870972	ἐξάγω ; 0.737275242805481	Σαμοθρᾴκη ; 0.7231571674346924	ἐκπλέω ; 0.6148556470870972	κυματόω ; 0.5814565420150757
0.3031683141309959	σίναπι	ἀκάνθινος	ἄψινθος	χλωρός	τρίβολος	βοτάνη	ἄκανθα	βάτος	κάλαμος	χόρτος	τέσσαρες	δέκα	τρεῖς	ἑπτά	ἕξ	ἄψινθος	0	5	3	1	19	6	17	45	13	40	64	287	350	444	462	143	Ἀμφιθέη ; 0.5741653442382812	Ἀζείδης ; 0.5403205156326294	διαστράπτω ; 0.60837322473526	βοτάνη ; 0.5618904829025269	ἵζω ; 0.5625990629196167	χλωρός ; 0.5618904829025269	ὑπερφόβος ; 0.556046187877655	δημοβόρος ; 0.533637285232544	διαζάω ; 0.5417959690093994	γένημα ; 0.5536503791809082	ἕξ ; 0.6989707350730896	εἴκοσι ; 0.7771992683410645	δέκα ; 0.7489961385726929	ἕξ ; 0.7047685384750366	δύο ; 0.7365240454673767
0.06629932423390772	ἄπταιστος	παράπτωμα	ἁμαρτία	ῥᾳδιουργία	ῥᾳδιούργημα	ἁμαρτάνω	ἁμαρτωλός	πταίω	προαμαρτάνω	ἁμάρτημα	ταμεῖον	κοιτών	θησαυρός	νυμφών	γαζοφυλάκιον	ταμεῖον	1	2	41	711	1	1	308	225	20	2	41	4	16	110	7	30	διαδέω ; 0.5053086876869202	ἁμαρτία ; 0.6633236408233643	παράπτωμα ; 0.6633236408233643	Οχοζια ; 0.5388922691345215	ζήτημα ; 0.5514643788337708	ἀσεβέω ; 0.7338882684707642	ἀσεβής ; 0.8404998779296875	προεῖδον ; 0.589070200920105	πλειστήρης ; 0.570956289768219	κακία ; 0.5679483413696289	Σαβαώθ ; 0.6263028383255005	δημοσίᾳ ; 0.5464794039726257	εἰσοδιάζω ; 0.5537214279174805	σικερα ; 0.5601494312286377	Ἰουδιας ; 0.5280458927154541
0.12961705105128368	οἰκία	ἔπαυλις	πανδοχεῖον	σκηνή	κατάλυμα	πραιτώριον	βασίλειος	σκηνοποιός	σκήνωμα	οἶκος	ἔθνος	ἀπαλλοτριόομαι	συμφυλέτης	λαός	θυγάτηρ	ἀπαλλοτριόομαι	1	353	46	1	455	17	8	6	1	83	2166	1166	3	1	2187	656	πραιτώριον ; 0.5933473110198975	περισπόριον ; 0.6057047843933105	ἄοινος ; 0.5685849785804749	κιβωτός ; 0.6119144558906555	προφυλακή ; 0.5542711019515991	οἰκία ; 0.5933473110198975	ἰδιότης ; 0.5563012957572937	μονοχίτων ; 0.5722998380661011	ἔπαυλος ; 0.5816031694412231	Ἰερουσαλήμ ; 0.5859843492507935	λαός ; 0.5805269479751587	δυσκέλαδος ; 0.6024231910705566	ἐνθουσιασμός ; 0.5949890613555908	ἔθνος ; 0.5805270075798035	τίκτω ; 0.5571480393409729
0.09456271345533623	ἄρρωστος	πυρετός	δυσεντέριον	λοιμός	κάμνω	πυρέσσω	μαλακία	λέπρα	νόσος	λεπρός	ἀποκαλύπτω	ἀποκάλυψις	δηλόω	χρηματίζω	ξένος	δηλόω	1	7	7	1	30	8	2	18	43	21	22	135	21	44	20	34	κοπρίζω ; 0.5410805344581604	θυσία ; 0.5337890982627869	Κλωπᾶς ; 0.575575590133667	Γαλαάδ ; 0.5448466539382935	ὁμῶς ; 0.5639196634292603	μογιλάλος ; 0.5517159104347229	τετράπους ; 0.5486375689506531	δέρμα ; 0.6315828561782837	πόνος ; 0.5780407190322876	λέπρα ; 0.5917060375213623	κομψεύω ; 0.585908055305481	εὐλαβῶς ; 0.563775360584259	γνωρίζω ; 0.5960322618484497	βλασφημέω ; 0.5518365502357483	ἀικής ; 0.5117006897926331
0.14002147711595875	ἀγγελία	σπεκουλάτωρ	ἀπαγγέλλω	ἀναγγέλλω	ἀγγέλλω	ἄγγελος	ἐκδιηγέομαι	ἐρεύγομαι	διηγέομαι	ἐξηγέομαι	πρωτεύω	εὐγενής	κυρία	ἐξοχή	μεγαλωσύνη	εὐγενής	1	15	1	298	269	1	512	16	7	73	15	4	11	10	1	36	ψίθυρος ; 0.5161264538764954	σύν-λέγω2 ; 0.575308620929718	ἀναγγέλλω ; 0.6997324228286743	ἀπαγγέλλω ; 0.6997323632240295	πλημμυρίς ; 0.5174247026443481	κατευχή ; 0.49882498383522034	δαπάνη ; 0.5501331090927124	μαγαλύνω ; 0.6317412853240967	ὑπεράκριος ; 0.5422289371490479	προσκαλέομαι ; 0.5227948427200317	ἀπελέκητος ; 0.5593227744102478	οὔπω ; 0.5661397576332092	προσποίημα ; 0.5854192972183228	ἐλεφάντων ; 0.5934157371520996	γερόντιον ; 0.5607155561447144
0.048443602716905065	πληροφορέω	ἐνίστημι	προγίνομαι	ἐκπληρόω	πρᾶγμα	συγκυρία	ἐπιγίνομαι	συμβαίνω	συναντάω	ἐπεισέρχομαι	κάμνω	λοιμός	δυσεντέριον	λεπρός	λέπρα	ἐπιγίνομαι	0	7	20	1	4	135	1	1	58	67	2	8	30	1	22	43	σύμφωνον ; 0.5618005394935608	ἐμφανίζω ; 0.5595741868019104	πάρεσις ; 0.9078507423400879	ἡγεμονεύω ; 0.5373662710189819	Νομάι ; 0.5823962688446045	Δαθαν ; 0.5294467210769653	δευτεραῖος ; 0.7018896341323853	ἀλογιστία ; 0.5309213399887085	συνέχω ; 0.5676730871200562	Πυθιονίκη ; 0.5713468790054321	ὁμῶς ; 0.5639196634292603	Γαλαάδ ; 0.5448466539382935	Κλωπᾶς ; 0.575575590133667	λέπρα ; 0.5917060375213623	δέρμα ; 0.6315828561782837
0.02230751268544051	ἐπεισέρχομαι	συναντάω	προγίνομαι	ἐπιγίνομαι	ἐκπληρόω	πληροφορέω	ἐνίστημι	συγκυρία	πρᾶγμα	συμβαίνω	ὑποπλέω	ἀποπλέω	παραλέγομαι	ἀνάγω	παραπλέω	συγκυρία	0	2	67	1	1	4	7	20	1	135	58	2	4	2	136	1	Πυθιονίκη ; 0.5713468790054321	συνέχω ; 0.5676730871200562	πάρεσις ; 0.9078507423400879	δευτεραῖος ; 0.7018896341323853	ἡγεμονεύω ; 0.5373662710189819	σύμφωνον ; 0.5618005394935608	ἐμφανίζω ; 0.5595741868019104	Δαθαν ; 0.5294467210769653	Νομάι ; 0.5823962688446045	ἀλογιστία ; 0.5309213399887085	κυματόω ; 0.5814565420150757	ἐκπλέω ; 0.6148556470870972	ὀλιγόπιστος ; 0.5961530208587646	ἐξάγω ; 0.737275242805481	Ῥόδος ; 0.5294786691665649
0.018991353131579625	προφθάνω	πρότερος	πρῶτον	ἔκπαλαι	πρίν	ἤδη	καινός	πάλαι	προσφάτως	ὁπότε	γέννημα	γένεσις	ἔγκυος	γεννητός	τίκτω	προσφάτως	0	20	93	9	2	71	123	101	15	6	11	7	61	2	7	263	ἐθελοκωφόω ; 0.5498921275138855	Ταρράκων ; 0.5710403323173523	πολύπειρος ; 0.5512207746505737	ἐξωθέω ; 0.5491906404495239	ἔκτρωμα ; 0.513434112071991	παραβολεύομαι ; 0.5357823371887207	προθεσπίζω ; 0.5052075982093811	μυστήριον ; 0.5354169011116028	ὑποκορίζομαι ; 0.5707846879959106	ἡνίκα ; 0.5187864303588867	ποτέ ; 0.5282080173492432	παναπήμων ; 0.5499608516693115	κατάγομος ; 0.5331885814666748	φοβερός ; 0.4961318373680115	θυγάτηρ ; 0.5571480393409729
0.053643269429812124	τρόμος	ἀπομάσσομαι	τρέμω	ἐκτινάσσω	σαλεύω	ῥιπή	σείω	ἀποτινάσσω	ταράσσω	ἔντρομος	παραχειμάζω	ἐνιαυτός	παραχειμασία	χειμών	θέρος	ἐνιαυτός	1	35	2	16	29	93	1	42	5	135	8	4	167	1	13	11	τέρψις ; 0.5239965915679932	ὠτίον ; 0.6106359958648682	ἰδιώτης ; 0.6221140623092651	παύσις ; 0.5400261878967285	ῥήγνυμι ; 0.6010434627532959	ἄτομος ; 0.5609903335571289	παραφέρω ; 0.5869390368461609	τηνικάδε ; 0.588708758354187	ἐξίστημι ; 0.6387583017349243	Βαλα ; 0.5886255502700806	προσδοκάω ; 0.5452013611793518	Μάγνης ; 0.5742471218109131	Παυσίστρατος ; 0.5487001538276672	ὡσανεί ; 0.532439112663269	ἀργός2 ; 0.5710753202438354
0.05218252963993697	συμβάλλω	διαλογίζομαι	διενθυμέομαι	διαλογισμός	λογίζομαι	κατανοέω	ἐνθυμέομαι	ἀναλογίζομαι	ἔννοια	λογισμός	ὅμοιος	ὁμοιότης	ὁμοίωμα	τοιοῦτος	οἷος	ὁμοίωμα	1	15	28	1	39	160	43	23	4	12	117	137	6	47	136	33	ἀποτίθημι ; 0.5573850870132446	ὀλιγόπιστος ; 0.5574030876159668	ναυλοχέω ; 0.6165000200271606	διά-χράω ; 0.5790485143661499	μέμφομαι ; 0.6402730941772461	ἀνάλυσις ; 0.5197908878326416	ἐρῶ ; 0.5399200916290283	θεωρητέον ; 0.5439088344573975	ἐπιμάσσομαι ; 0.5467854738235474	ἀδελφοκτόνος ; 0.5838311910629272	ἡμέριος ; 0.5078182220458984	ταμία ; 0.5736932754516602	οὐριοστάτης ; 0.5508478283882141	ὅστις ; 0.6223004460334778	παρόμοιος ; 0.5732908248901367
0.03306127691993355	χειμών	φθινοπωρινός	ἐνιαυτός	παραχειμασία	παραχειμάζω	ἔτος	θέρος	τριετία	διετία	διετής	διερμηνεύω	ἑρμηνεία	μεθερμηνεύω	διερμηνευτής	ἑρμηνεύω	φθινοπωρινός	0	13	1	167	1	4	765	11	1	2	2	7	3	8	1	6	ὡσανεί ; 0.532439112663269	ὑπό ; 0.5360486507415771	Μάγνης ; 0.5742471218109131	Παυσίστρατος ; 0.5487001538276672	προσδοκάω ; 0.5452013611793518	ἡμέρα ; 0.6472654938697815	ἀργός2 ; 0.5710753202438354	ἀπογραφή ; 0.5815110206604004	ἀκρόαμα ; 0.6251611709594727	Ποστόμιος ; 0.5904497504234314	σύν-ψεύδω ; 0.6181201934814453	ἐνέργημα ; 0.5940830707550049	προορίζω ; 0.547603964805603	πορθέω ; 0.5642615556716919	Πύδνα ; 0.5340185165405273
0.4418578585753658	δύο	ἐννέα	ἑπτά	εἷς	πέντε	ἕξ	τέσσαρες	ὀκτώ	τρεῖς	δέκα	ἐθνικῶς	Χριστιανός	ψευδάδελφος	ἄδικος	ποίμνιον	ἄδικος	1	814	48	462	1366	316	143	287	91	444	350	1	3	2	136	79	δέκα ; 0.7381709814071655	Σελεϊμ ; 0.5557079315185547	ἕξ ; 0.7047685384750366	δύο ; 0.6887381672859192	ἑκατόν ; 0.7568334341049194	δύο ; 0.7365240454673767	ἕξ ; 0.6989707350730896	ἑξήκοντα ; 0.6951206922531128	δέκα ; 0.7489961385726929	εἴκοσι ; 0.7771992683410645	Ἰουδαϊκῶς ; 0.817602276802063	Ἀντιοχεύς ; 0.6143710017204285	ἀμφιβάλλω ; 0.5517637729644775	ἄνομος ; 0.6444003582000732	πρόβατον ; 0.707395076751709
0.04543556527131426	ἀκαιρέομαι	εὐκαιρία	εὐκαίρως	ἀκαίρως	πότε	εὐκαιρέω	καιρός	ὥρα	προθεσμία	εὔκαιρος	συμβάλλω	ἔννοια	διαλογίζομαι	διενθυμέομαι	ἐνθυμέομαι	ἐνθυμέομαι	1	1	7	3	2	66	3	569	179	1	7	15	12	28	1	23	Θαβωθ ; 0.6264514923095703	χρόα ; 0.525431752204895	ἐπιζήμιον ; 0.5272424221038818	πανοῦργος ; 0.6110267639160156	ἄρτι ; 0.567585289478302	ἐραστός ; 0.5283572673797607	ἡμέρα ; 0.7105389833450317	χρόνος ; 0.5396902561187744	ταρταρόω ; 0.6055130958557129	Φαισόλαι ; 0.562263011932373	ἀποτίθημι ; 0.5573850870132446	ἐπιμάσσομαι ; 0.5467854738235474	ὀλιγόπιστος ; 0.5574030876159668	ναυλοχέω ; 0.6165000200271606	ἐρῶ ; 0.5399200916290283
0.015165577368109417	ἀρτιγέννητος	τεκνογονία	τίκτω	ἔγκυος	γεννητός	γενετή	γένεσις	τεκνογονέω	ὠδίν	γέννημα	ἡγεμονεύω	ἐξουσιάζω	κατακυριεύω	ἡγεμονία	κυριεύω	γενετή	0	1	1	263	2	7	3	61	1	39	7	2	18	20	8	71	ἐρυθαίνομαι ; 0.5893996357917786	ὁμότεχνος ; 0.575988233089447	θυγάτηρ ; 0.5571480393409729	κατάγομος ; 0.5331885814666748	φοβερός ; 0.4961318373680115	ἀφ́αλλομαι ; 0.6145048141479492	παναπήμων ; 0.5499608516693115	οἰκοδεσποτέω ; 0.852102518081665	γαστήρ ; 0.616687536239624	ποτέ ; 0.5282080173492432	εἴρη ; 0.5465191602706909	εὐωχέω ; 0.5238674879074097	ἐπί-λέγω3 ; 0.5439848899841309	δόγμα ; 0.5657812356948853	κατακρατέω ; 0.5446093678474426
0.03309767471175712	πρωτοστάτης	εὐγενής	ἐπιστάτης	μεγαλειότης	μεγαλωσύνη	ἐξοχή	μεγιστάν	πρωτεύω	κυρία	ὑπεροχή	προθεσμία	εὐκαιρέω	ἀκαιρέομαι	καιρός	εὐκαιρία	κυρία	0	2	11	20	7	36	1	52	4	10	7	1	3	1	569	7	ἄπρακτος ; 0.6225908994674683	οὔπω ; 0.5661397576332092	σκηνοποιέω ; 0.5779908895492554	κτίσις ; 0.5452282428741455	γερόντιον ; 0.5607155561447144	ἐλεφάντων ; 0.5934157371520996	ἄρχων ; 0.5689482688903809	ἀπελέκητος ; 0.5593227744102478	προσποίημα ; 0.5854192972183228	περισσεία ; 0.5557302832603455	ταρταρόω ; 0.6055130958557129	ἐραστός ; 0.5283572673797607	Θαβωθ ; 0.6264514923095703	ἡμέρα ; 0.7105389833450317	χρόα ; 0.525431752204895
0.12445567852403683	κειρία	λέντιον	ῥάκος	ὀθόνη	σινδών	καταπέτασμα	ἔνδυμα	ὀθόνιον	σουδάριον	ἐπίβλημα	Χριστιανός	ἄνομος	νεόφυτος	ἐθνικός	ἀδελφότης	ἄνομος	1	2	2	5	2	10	44	21	8	4	5	3	113	6	4	9	Ιωιαριβ ; 0.5234009623527527	Κεδρών ; 0.5966008901596069	καταμήνιος ; 0.5697879791259766	Θράξ ; 0.5606763958930969	τακτός ; 0.6002177596092224	δέρτρον ; 0.60921710729599	ἱμάτιον ; 0.5548921227455139	ψιλόω ; 0.5365277528762817	τιάρα ; 0.5984266400337219	ἐπιρρέζω ; 0.5598948001861572	Ἀντιοχεύς ; 0.6143710017204285	ἀσεβής ; 0.7457099556922913	συγκοιμάομαι ; 0.5043842196464539	μῦρος ; 0.5681533813476562	φιλοσοφία ; 0.5713699460029602
0.06093472476579703	βλέπω	ἐμβλέπω	ἀναβλέπω	ὅραμα	ὁράω	βλέμμα	προοράω	περιβλέπομαι	ἀόρατος	ὁρατός	ἔγερσις	ἀνάστασις	ζάω	συζωοποιέω	ἐξεγείρω	βλέμμα	0	263	33	59	60	1977	1	9	7	8	5	4	48	694	2	73	παραβλέπω ; 0.5206085443496704	εἰκάζω ; 0.516920268535614	ἀτενίζω ; 0.5706994533538818	ἐνύπνιον ; 0.6075853109359741	γιγνώσκω ; 0.6200199127197266	Ρηι ; 0.5486763715744019	φανερόω ; 0.5651670694351196	σπλαγχνίζομαι ; 0.516270101070404	θεῖον ; 0.5226443409919739	πεντάπηχυς ; 0.5636386871337891	φαεινός ; 0.5731940269470215	Χριστός ; 0.576299786567688	ἐγγύτερον ; 0.5736112594604492	ἀσιτία ; 0.5599948167800903	ἀποθαυμάζω ; 0.5146450400352478
0.166386370370452	προοράω	ὁράω	περιβλέπομαι	ἀόρατος	ἀναβλέπω	βλέμμα	ὁρατός	βλέπω	ἐμβλέπω	ὅραμα	ἀπόλλυμι	ὀλοθρεύω	ὄλεθρος	ἐξολεθρεύω	ὀλοθρευτής	περιβλέπομαι	0	9	1977	7	8	59	1	5	263	33	60	465	1	27	218	1	φανερόω ; 0.5651670694351196	γιγνώσκω ; 0.6200199127197266	σπλαγχνίζομαι ; 0.516270101070404	θεῖον ; 0.5226443409919739	ἀτενίζω ; 0.5706994533538818	Ρηι ; 0.5486763715744019	πεντάπηχυς ; 0.5636386871337891	παραβλέπω ; 0.5206085443496704	εἰκάζω ; 0.516920268535614	ἐνύπνιον ; 0.6075853109359741	καταλείπω ; 0.6468194723129272	πρόσχυσις ; 0.6336286664009094	ζημία ; 0.5976235866546631	ἐξαίρω ; 0.6305640935897827	τυπικῶς ; 0.678124189376831
0.092445275824311	φιλέω	φιλόστοργος	φίλανδρος	φίλαυτος	φιλόθεος	φιλάδελφος	φιλανθρωπία	φιλία	φιλότεκνος	φιλαδελφία	νόσος	λέπρα	λοιμός	δυσεντέριον	κάμνω	λοιμός	1	58	2	1	1	1	4	7	37	4	9	21	43	30	1	8	ραββουνι ; 0.5453717708587646	συμπάρειμι ; 0.5619555115699768	συγγενής ; 0.5754446983337402	νεωκόρος ; 0.5780768394470215	φιλήδονος ; 0.7946850061416626	ἀποβλάπτω ; 0.5234522223472595	πρόληψις ; 0.5378355383872986	κλῄζω1 ; 0.555450439453125	ἀπαθής ; 0.5768148899078369	πίστις ; 0.6081306338310242	πόνος ; 0.5780407190322876	δέρμα ; 0.6315828561782837	Γαλαάδ ; 0.5448466539382935	Κλωπᾶς ; 0.575575590133667	ὁμῶς ; 0.5639196634292603
0.01914064294171386	ἀκαίρως	πότε	εὐκαιρέω	ἀκαιρέομαι	ὥρα	εὐκαιρία	καιρός	εὔκαιρος	προθεσμία	εὐκαίρως	ἀμέριμνος	προσδοκάω	μεριμνάω	καταπονέω	ἀνασκευάζω	εὐκαιρέω	0	2	66	3	1	179	7	569	7	1	3	4	29	28	4	1	πανοῦργος ; 0.6110267639160156	ἄρτι ; 0.567585289478302	ἐραστός ; 0.5283572673797607	Θαβωθ ; 0.6264514923095703	χρόνος ; 0.5396902561187744	χρόα ; 0.525431752204895	ἡμέρα ; 0.7105389833450317	Φαισόλαι ; 0.562263011932373	ταρταρόω ; 0.6055130958557129	ἐπιζήμιον ; 0.5272424221038818	δακτυλιαῖος ; 0.614495038986206	ἀναμένω ; 0.5669989585876465	ἐπικουφίζω ; 0.5544167160987854	Ἀρθμιάδας ; 0.5628061294555664	ἐναλείφω ; 0.4860473871231079
0.07560261865756701	βλέμμα	βλέπω	ὁράω	περιβλέπομαι	προοράω	ὅραμα	ἐμβλέπω	ἀόρατος	ὁρατός	ἀναβλέπω	βοτάνη	τρίβολος	ἄκανθα	κάλαμος	βάτος	βλέμμα	0	1	263	1977	7	9	60	33	8	5	59	17	6	45	40	13	Ρηι ; 0.5486763715744019	παραβλέπω ; 0.5206085443496704	γιγνώσκω ; 0.6200199127197266	σπλαγχνίζομαι ; 0.516270101070404	φανερόω ; 0.5651670694351196	ἐνύπνιον ; 0.6075853109359741	εἰκάζω ; 0.516920268535614	θεῖον ; 0.5226443409919739	πεντάπηχυς ; 0.5636386871337891	ἀτενίζω ; 0.5706994533538818	χλωρός ; 0.5618904829025269	ἵζω ; 0.5625990629196167	ὑπερφόβος ; 0.556046187877655	διαζάω ; 0.5417959690093994	δημοβόρος ; 0.533637285232544
0.017291332015314798	συμπάσχω	πάθημα	συγκακουχέομαι	πάσχω	συγκακοπαθέω	παθητός	πόνος	συμπαθέω	συνωδίνω	προπάσχω	χειμών	τριετία	ἔτος	παραχειμασία	διετία	συγκακουχέομαι	0	3	16	1	59	2	1	96	3	1	1	13	1	765	1	2	ἀμνηστία ; 0.5406264066696167	πρόκειμαι ; 0.5710850954055786	ὀκταήμερος ; 0.6015875339508057	γίνομαι ; 0.5724458694458008	ἐπιτέλλω ; 0.5263234376907349	θέορτος ; 0.5381362438201904	ἀκοπιάστως ; 0.5951268076896667	εὐανδρία ; 0.6060000061988831	συστενάζω ; 0.9267100095748901	πολιτεία ; 0.5269464254379272	ὡσανεί ; 0.532439112663269	ἀπογραφή ; 0.5815110206604004	ἡμέρα ; 0.6472654938697815	Παυσίστρατος ; 0.5487001538276672	ἀκρόαμα ; 0.6251611709594727
0.058843059360384586	ὑποτίθημι	θεοδίδακτος	σωφρονίζω	κατηχέω	διδακτός	παιδεύω	διδασκαλία	διδάσκω	διδαχή	παιδεία	παροίχομαι	χρόνος	χρονοτριβέω	πάντοτε	διαγίνομαι	ὑποτίθημι	0	15	1	1	8	6	101	25	202	31	118	1	191	1	43	3	ἀμφιχάσκω ; 0.5446368455886841	συμπαρακαλέομαι ; 0.6144863367080688	ἀγαθός ; 0.5549730658531189	ἐντευκτικός ; 0.6736288070678711	μαρτυρέω ; 0.5504754185676575	ἐλέγχω ; 0.603357195854187	ἀπόδειξις ; 0.5441845059394836	κηρύσσω ; 0.5552177429199219	γραφή ; 0.5570075511932373	ῥῆσις ; 0.6119134426116943	πικρόγαμος ; 0.5724995732307434	ὥρα ; 0.5396902561187744	ἐπαυρέω ; 0.5596045851707458	εὐαγγέλιον ; 0.5782229900360107	τεσσαρεσκαιδεκάτος ; 0.6000714302062988
0.1596001817438804	κρυπτός	βαθύς	κρύπτη	κρυφῇ	ἀπόκρυφος	ἀφανής	κρυφαῖος	βάθος	λάθρᾳ	μυστήριον	ἀμφιέννυμι	περίθεσις	ἐνδιδύσκω	ἐνδύω	ἱματίζω	λάθρᾳ	0	34	28	1	13	28	5	6	31	13	57	5	1	4	146	2	διάνοια ; 0.5565675497055054	ἰταμία ; 0.5309576988220215	μόδιος ; 0.6171993613243103	προσαίτης ; 0.5514635443687439	συμφράζομαι ; 0.5749572515487671	ἀπολακτισμός ; 0.4699673652648926	ἀμώμητος ; 0.5113500356674194	ἄνους ; 0.5478535890579224	ὑγιαίνω ; 0.5806903839111328	διάκονος ; 0.5830426812171936	ἐνδύω ; 0.5589081048965454	ἐμπλοκή ; 0.7131790518760681	σῆψις ; 0.553597092628479	περιβάλλω ; 0.6454178094863892	ἄπωθεν ; 0.5896517038345337
-0.0034925101253046043	φθορά	ἐξολεθρεύω	πορθέω	ὄλεθρος	συναπόλλυμαι	ὀλοθρεύω	ἀπόλλυμι	φθείρω	ἀπώλεια	ὀλοθρευτής	κρυφαῖος	κρυπτός	βάθος	βαθύς	ἀφανής	συναπόλλυμαι	0	20	218	5	27	1	1	465	29	135	1	6	34	31	28	5	σύμμορφος ; 0.6031955480575562	ἐξαίρω ; 0.6305640935897827	διερμηνευτής ; 0.5642615556716919	ζημία ; 0.5976235866546631	κοινωνός ; 0.5364773273468018	πρόσχυσις ; 0.6336286664009094	καταλείπω ; 0.6468194723129272	ἔως ; 0.5563209056854248	ἀφανισμός ; 0.5748562812805176	τυπικῶς ; 0.678124189376831	ἀμώμητος ; 0.5113500356674194	διάνοια ; 0.5565675497055054	ἄνους ; 0.5478535890579224	ἰταμία ; 0.5309576988220215	ἀπολακτισμός ; 0.4699673652648926
0.38653494018481316	σμαράγδινος	χαλκηδών	χρυσόλιθος	σάρδιον	τοπάζιον	χρυσόπρασος	σμάραγδος	βήρυλλος	ἴασπις	σάπφιρος	δύο	δέκα	τρεῖς	πέντε	ἐννέα	σμαράγδινος	0	1	1	4	9	6	1	12	2	8	1	814	350	444	316	48	χρυσέος ; 0.6253014802932739	Ιαζιηλ ; 0.8338228464126587	βηρύλλιον ; 0.784195065498352	ʽἁλοσύδνη ; 0.5792330503463745	περισιαλόω ; 0.6107372641563416	ἀμέθυστος ; 0.7866020798683167	τετραπλῶς ; 0.5946683287620544	Ελιαζερ ; 0.6647600531578064	ἐναρμόζω ; 0.5513426661491394	χαλκηδών ; 0.7519828677177429	δέκα ; 0.7381709814071655	εἴκοσι ; 0.7771992683410645	δέκα ; 0.7489961385726929	ἑκατόν ; 0.7568334341049194	Σελεϊμ ; 0.5557079315185547
0.1365317945479208	ποτήριον	ξέστης	ἄγγος	φιάλη	ἀγγεῖον	θήκη	στάμνος	νιπτήρ	ὑδρία	ἄντλημα	γονεύς	πατρικός	πατρῷος	μάμμη	μήτηρ	γονεύς	1	64	1	7	47	25	4	5	1	25	1	35	14	12	2	419	ἄκρατος ; 0.5928884148597717	Θάμυρις ; 0.5988346338272095	ἀποσυρίζω ; 0.5345050692558289	τροχός ; 0.5415339469909668	τολύπη ; 0.5623787641525269	βαθύχθων ; 0.5563669204711914	ῥήγμα ; 0.5273994207382202	Βαλεκ ; 0.5947328805923462	Ρεμμαθ ; 0.5291784405708313	ἄναρχος ; 0.5724209547042847	γενεαλογικός ; 0.560631275177002	πατριά ; 0.5880193114280701	ὠβά ; 0.5469468832015991	Λωΐς ; 0.6027356386184692	πατήρ ; 0.6181122064590454
0.11010646234265964	βλέμμα	ὅραμα	ὁρατός	περιβλέπομαι	ἐμβλέπω	ἀόρατος	ἀναβλέπω	προοράω	ὁράω	βλέπω	παραχειμασία	παραχειμάζω	τριετία	διετία	φθινοπωρινός	φθινοπωρινός	1	1	60	5	7	33	8	59	9	1977	263	1	4	1	2	1	Ρηι ; 0.5486763715744019	ἐνύπνιον ; 0.6075853109359741	πεντάπηχυς ; 0.5636386871337891	σπλαγχνίζομαι ; 0.516270101070404	εἰκάζω ; 0.516920268535614	θεῖον ; 0.5226443409919739	ἀτενίζω ; 0.5706994533538818	φανερόω ; 0.5651670694351196	γιγνώσκω ; 0.6200199127197266	παραβλέπω ; 0.5206085443496704	Παυσίστρατος ; 0.5487001538276672	προσδοκάω ; 0.5452013611793518	ἀπογραφή ; 0.5815110206604004	ἀκρόαμα ; 0.6251611709594727	ὑπό ; 0.5360486507415771
0.08417844425995274	ὑπερῷον	νυμφών	γαζοφυλάκιον	κοιτών	ταμεῖον	θησαυρός	κορβανᾶς	οἴκημα	ξενία	ἀνάγαιον	λάθρᾳ	βάθος	κρυφῇ	ἀπόκρυφος	μυστήριον	λάθρᾳ	1	33	7	30	16	4	110	1	4	4	2	13	31	13	28	57	αιλ ; 0.5725637674331665	σικερα ; 0.5601494312286377	Ἰουδιας ; 0.5280458927154541	δημοσίᾳ ; 0.5464794039726257	Σαβαώθ ; 0.6263028383255005	εἰσοδιάζω ; 0.5537214279174805	δαμνάω ; 0.5917102098464966	Κλεοφῶν ; 0.5584983825683594	εἴτα ; 0.543624997138977	δοξολογέω ; 0.6005696058273315	ὑγιαίνω ; 0.5806903839111328	ἄνους ; 0.5478535890579224	προσαίτης ; 0.5514635443687439	συμφράζομαι ; 0.5749572515487671	διάκονος ; 0.5830426812171936
0.01965559261065919	μακρός	πάντοτε	σχολάζω	χρονοτριβέω	ἀεί	διαγίνομαι	ἑκάστοτε	μακροχρόνιος	χρόνος	παροίχομαι	διδάσκω	διδακτός	παιδεία	παιδεύω	θεοδίδακτος	παροίχομαι	0	35	43	5	1	21	3	1	3	191	1	202	6	118	101	1	μακράν ; 0.5155916810035706	εὐαγγέλιον ; 0.5782229900360107	χοῦς2 ; 0.5649294853210449	ἐπαυρέω ; 0.5596045851707458	Ἠοῦς ; 0.5341899394989014	τεσσαρεσκαιδεκάτος ; 0.6000714302062988	τομή ; 0.5646319389343262	μακροήμερος ; 0.7071491479873657	ὥρα ; 0.5396902561187744	πικρόγαμος ; 0.5724995732307434	κηρύσσω ; 0.5552177429199219	μαρτυρέω ; 0.5504754185676575	ῥῆσις ; 0.6119134426116943	ἐλέγχω ; 0.603357195854187	συμπαρακαλέομαι ; 0.6144863367080688
0.3911464865205373	πέντε	εἷς	δέκα	ἕξ	ἑπτά	τέσσαρες	τρεῖς	ἐννέα	ὀκτώ	δύο	ἔγερσις	ἀναζάω	ζῳοποιέω	συνεγείρω	ἐξανάστασις	ἔγερσις	1	316	1366	350	143	462	287	444	48	91	814	4	2	11	6	2	ἑκατόν ; 0.7568334341049194	δύο ; 0.6887381672859192	εἴκοσι ; 0.7771992683410645	δύο ; 0.7365240454673767	ἕξ ; 0.7047685384750366	ἕξ ; 0.6989707350730896	δέκα ; 0.7489961385726929	Σελεϊμ ; 0.5557079315185547	ἑξήκοντα ; 0.6951206922531128	δέκα ; 0.7381709814071655	φαεινός ; 0.5731940269470215	ἀνεκλάλητος ; 0.5198944807052612	ὀλοθρεύω ; 0.5708876848220825	ἰσός ; 0.5304853320121765	δυσόμματος ; 0.5234448909759521
0.10220590317316602	σιτομέτριον	τροφή	διατροφή	χόρτασμα	πόμα	βρῶμα	ψωμίον	ἐπισιτισμός	ψίξ	πόσις	διαλογισμός	ἐνθυμέομαι	συμβάλλω	ἔννοια	ἀναλογίζομαι	συμβάλλω	1	1	47	2	9	7	87	4	16	2	5	39	23	15	12	4	οἰκετεία ; 0.6006902456283569	ἀδεής ; 0.5682676434516907	ἐπισκευή ; 0.6126684546470642	ἐξωνέομαι ; 0.6079422235488892	πειθὴνιος ; 0.5384232997894287	ἄρτος ; 0.636462390422821	πάχετος ; 0.5618529319763184	ἐπιστολή ; 0.5838744640350342	μεσημβρινός ; 0.5979897379875183	φράζω ; 0.5586212873458862	διά-χράω ; 0.5790485143661499	ἐρῶ ; 0.5399200916290283	ἀποτίθημι ; 0.5573850870132446	ἐπιμάσσομαι ; 0.5467854738235474	θεωρητέον ; 0.5439088344573975
0.0760988500561518	προοράω	ἐμβλέπω	ὅραμα	περιβλέπομαι	βλέμμα	ὁράω	ἀόρατος	βλέπω	ὁρατός	ἀναβλέπω	προφθάνω	ὁπότε	καινός	ἤδη	πρῶτον	βλέμμα	0	9	33	60	7	1	1977	8	263	5	59	20	11	101	123	9	φανερόω ; 0.5651670694351196	εἰκάζω ; 0.516920268535614	ἐνύπνιον ; 0.6075853109359741	σπλαγχνίζομαι ; 0.516270101070404	Ρηι ; 0.5486763715744019	γιγνώσκω ; 0.6200199127197266	θεῖον ; 0.5226443409919739	παραβλέπω ; 0.5206085443496704	πεντάπηχυς ; 0.5636386871337891	ἀτενίζω ; 0.5706994533538818	ἐθελοκωφόω ; 0.5498921275138855	ἡνίκα ; 0.5187864303588867	προθεσπίζω ; 0.5052075982093811	παραβολεύομαι ; 0.5357823371887207	πολύπειρος ; 0.5512207746505737
0.006105390878557437	ἀνασκευάζω	προσδοκάω	καταπονέω	θορυβάζω	θορυβέω	προμεριμνάω	μέριμνα	μετεωρίζομαι	μεριμνάω	ἀμέριμνος	γένεσις	τεκνογονέω	τεκνογονία	ἀρτιγέννητος	ὠδίν	θορυβέω	0	1	29	4	1	10	1	17	1	28	4	61	1	1	1	39	ἐναλείφω ; 0.4860473871231079	ἀναμένω ; 0.5669989585876465	Ἀρθμιάδας ; 0.5628061294555664	περισπάομαι ; 0.6275888681411743	πειρατής ; 0.5761846899986267	οἴκαδε ; 0.548973560333252	παροδεύω ; 0.5533226728439331	Ἁλικαρνησσός ; 0.5499660968780518	ἐπικουφίζω ; 0.5544167160987854	δακτυλιαῖος ; 0.614495038986206	παναπήμων ; 0.5499608516693115	οἰκοδεσποτέω ; 0.852102518081665	ὁμότεχνος ; 0.575988233089447	ἐρυθαίνομαι ; 0.5893996357917786	γαστήρ ; 0.616687536239624
-0.011014588940272296	διαγίνομαι	ἑκάστοτε	χρονοτριβέω	παροίχομαι	μακροχρόνιος	πάντοτε	μακρός	σχολάζω	χρόνος	ἀεί	προμεριμνάω	θορυβάζω	ἀνασκευάζω	μέριμνα	μεριμνάω	θορυβάζω	1	3	1	1	1	3	43	35	5	191	21	1	1	1	17	28	τεσσαρεσκαιδεκάτος ; 0.6000714302062988	τομή ; 0.5646319389343262	ἐπαυρέω ; 0.5596045851707458	πικρόγαμος ; 0.5724995732307434	μακροήμερος ; 0.7071491479873657	εὐαγγέλιον ; 0.5782229900360107	μακράν ; 0.5155916810035706	χοῦς2 ; 0.5649294853210449	ὥρα ; 0.5396902561187744	Ἠοῦς ; 0.5341899394989014	οἴκαδε ; 0.548973560333252	περισπάομαι ; 0.6275888681411743	ἐναλείφω ; 0.4860473871231079	παροδεύω ; 0.5533226728439331	ἐπικουφίζω ; 0.5544167160987854
-0.0015419126526249882	προμεριμνάω	καταπονέω	θορυβέω	μέριμνα	μετεωρίζομαι	ἀνασκευάζω	ἀμέριμνος	προσδοκάω	μεριμνάω	θορυβάζω	διαλογισμός	συμβάλλω	ἀναλογίζομαι	λογίζομαι	διενθυμέομαι	προμεριμνάω	0	1	4	10	17	1	1	4	29	28	1	39	15	4	160	1	οἴκαδε ; 0.548973560333252	Ἀρθμιάδας ; 0.5628061294555664	πειρατής ; 0.5761846899986267	παροδεύω ; 0.5533226728439331	Ἁλικαρνησσός ; 0.5499660968780518	ἐναλείφω ; 0.4860473871231079	δακτυλιαῖος ; 0.614495038986206	ἀναμένω ; 0.5669989585876465	ἐπικουφίζω ; 0.5544167160987854	περισπάομαι ; 0.6275888681411743	διά-χράω ; 0.5790485143661499	ἀποτίθημι ; 0.5573850870132446	θεωρητέον ; 0.5439088344573975	μέμφομαι ; 0.6402730941772461	ναυλοχέω ; 0.6165000200271606
0.02938862079429	συγκυρία	ἐκπληρόω	συμβαίνω	πληροφορέω	ἐπεισέρχομαι	συναντάω	ἐπιγίνομαι	προγίνομαι	ἐνίστημι	πρᾶγμα	ἐλλογέω	κεραία	ἀπογράφω	γράμμα	ἀποστάσιον	κεραία	1	1	4	58	7	2	67	1	1	20	135	2	2	10	41	7	Δαθαν ; 0.5294467210769653	ἡγεμονεύω ; 0.5373662710189819	ἀλογιστία ; 0.5309213399887085	σύμφωνον ; 0.5618005394935608	Πυθιονίκη ; 0.5713468790054321	συνέχω ; 0.5676730871200562	δευτεραῖος ; 0.7018896341323853	πάρεσις ; 0.9078507423400879	ἐμφανίζω ; 0.5595741868019104	Νομάι ; 0.5823962688446045	ἀπόκριμα ; 0.5705476999282837	ἀκάθαρτος ; 0.49359655380249023	κυκλόεις ; 0.5663559436798096	ἐπιταγή ; 0.5279595255851746	̓ἐρινύς ; 0.5382461547851562
0.23225737861106718	ἴασπις	σμαράγδινος	χρυσόλιθος	σάπφιρος	βήρυλλος	σάρδιον	τοπάζιον	σμάραγδος	χαλκηδών	χρυσόπρασος	ἐπιφώσκω	ἐπιφαίνω	λάμπω	διαυγάζω	φωτίζω	ἐπιφαίνω	1	8	1	4	1	2	9	6	12	1	1	2	26	12	1	50	ἐναρμόζω ; 0.5513426661491394	χρυσέος ; 0.6253014802932739	βηρύλλιον ; 0.784195065498352	χαλκηδών ; 0.7519828677177429	Ελιαζερ ; 0.6647600531578064	ʽἁλοσύδνη ; 0.5792330503463745	περισιαλόω ; 0.6107372641563416	τετραπλῶς ; 0.5946683287620544	Ιαζιηλ ; 0.8338228464126587	ἀμέθυστος ; 0.7866020798683167	νῆσος ; 0.5679317712783813	ἐπιστοναχίζω ; 0.5915574431419373	πρέσβιστος ; 0.562231183052063	φωσφόρος ; 0.7893081903457642	θεμελιόω ; 0.5723241567611694
0.11381994598128786	ἐξανάστασις	ἀνάστασις	ἔγερσις	ζῳογονέω	ζῳοποιέω	ἀναζάω	συζωοποιέω	ἐξεγείρω	συνεγείρω	ζάω	ἀμφιάζω	ἐνδύω	ἀμφιέννυμι	περίθεσις	ἐνδιδύσκω	ἐξεγείρω	0	2	48	4	3	11	2	2	73	6	694	3	146	5	1	4	δυσόμματος ; 0.5234448909759521	Χριστός ; 0.576299786567688	φαεινός ; 0.5731940269470215	Κούρητες ; 0.5475403070449829	ὀλοθρεύω ; 0.5708876848220825	ἀνεκλάλητος ; 0.5198944807052612	ἀσιτία ; 0.5599948167800903	ἀποθαυμάζω ; 0.5146450400352478	ἰσός ; 0.5304853320121765	ἐγγύτερον ; 0.5736112594604492	στεφανόω ; 0.5134679675102234	περιβάλλω ; 0.6454178094863892	ἐνδύω ; 0.5589081048965454	ἐμπλοκή ; 0.7131790518760681	σῆψις ; 0.553597092628479
0.04969130569439384	ἐθνικός	Χριστιανός	ἐθνικῶς	νεόφυτος	ἀδελφότης	ποίμνιον	ἐκκλησία	ἄνομος	ἄδικος	ψευδάδελφος	καταστρώννυμι	διαχειρίζομαι	ἀποκτείνω	θανατόω	ἀναιρέω	Χριστιανός	0	4	3	1	6	9	79	217	113	136	2	10	2	309	169	110	μῦρος ; 0.5681533813476562	Ἀντιοχεύς ; 0.6143710017204285	Ἰουδαϊκῶς ; 0.817602276802063	συγκοιμάομαι ; 0.5043842196464539	φιλοσοφία ; 0.5713699460029602	πρόβατον ; 0.707395076751709	κήρυγμα ; 0.5551949739456177	ἀσεβής ; 0.7457099556922913	ἄνομος ; 0.6444003582000732	ἀμφιβάλλω ; 0.5517637729644775	σύρω ; 0.6015741229057312	αἰτίωμα ; 0.5403338074684143	ἀναιρέω ; 0.6860164403915405	ἀποθνῄσκω ; 0.7149893045425415	ἀποκτείνω ; 0.6860164403915405
0.01079534603998289	τίκτω	τεκνογονία	τεκνογονέω	γένεσις	γεννητός	ἀρτιγέννητος	γενετή	ὠδίν	ἔγκυος	γέννημα	βραδύτης	μέχρι(ς)	ὀκνέω	συστέλλω	ἕως	γενετή	0	263	1	1	61	7	1	3	39	2	7	1	18	11	8	1705	θυγάτηρ ; 0.5571480393409729	ὁμότεχνος ; 0.575988233089447	οἰκοδεσποτέω ; 0.852102518081665	παναπήμων ; 0.5499608516693115	φοβερός ; 0.4961318373680115	ἐρυθαίνομαι ; 0.5893996357917786	ἀφ́αλλομαι ; 0.6145048141479492	γαστήρ ; 0.616687536239624	κατάγομος ; 0.5331885814666748	ποτέ ; 0.5282080173492432	δίθρονος ; 0.5526862144470215	ἄχρι ; 0.5558075904846191	πολυμήχανος ; 0.5291269421577454	νυσταγμός ; 0.5182788372039795	ἄχρι ; 0.5487618446350098
0.14847699197575132	φέγγος	λάμπω	ἐπιφαύσκω	φῶς	ἐπιφαίνω	ἐκλάμπω	ἐπιφώσκω	διαυγάζω	φαίνω	φωτίζω	ὑδρία	ἄντλημα	ξέστης	νιπτήρ	στάμνος	στάμνος	1	28	12	4	248	26	8	2	1	96	50	25	1	1	1	5	τροχός ; 0.6486660242080688	πρέσβιστος ; 0.562231183052063	ἀαγής ; 0.56998610496521	σκότος ; 0.6114282608032227	ἐπιστοναχίζω ; 0.5915574431419373	πρέσβιστος ; 0.5806748867034912	νῆσος ; 0.5679317712783813	φωσφόρος ; 0.7893081903457642	τριετία ; 0.5312865376472473	θεμελιόω ; 0.5723241567611694	Ρεμμαθ ; 0.5291784405708313	ἄναρχος ; 0.5724209547042847	Θάμυρις ; 0.5988346338272095	Βαλεκ ; 0.5947328805923462	ῥήγμα ; 0.5273994207382202
0.04320254286261083	μέριμνα	καταπονέω	προμεριμνάω	ἀνασκευάζω	θορυβάζω	θορυβέω	προσδοκάω	ἀμέριμνος	μετεωρίζομαι	μεριμνάω	συνωδίνω	συγκακοπαθέω	πάθημα	συγκακουχέομαι	πόνος	συγκακουχέομαι	1	17	4	1	1	1	10	29	4	1	28	1	2	16	1	96	παροδεύω ; 0.5533226728439331	Ἀρθμιάδας ; 0.5628061294555664	οἴκαδε ; 0.548973560333252	ἐναλείφω ; 0.4860473871231079	περισπάομαι ; 0.6275888681411743	πειρατής ; 0.5761846899986267	ἀναμένω ; 0.5669989585876465	δακτυλιαῖος ; 0.614495038986206	Ἁλικαρνησσός ; 0.5499660968780518	ἐπικουφίζω ; 0.5544167160987854	συστενάζω ; 0.9267100095748901	ἐπιτέλλω ; 0.5263234376907349	πρόκειμαι ; 0.5710850954055786	ὀκταήμερος ; 0.6015875339508057	ἀκοπιάστως ; 0.5951268076896667
0.06934060060831826	κτῆνος	θρέμμα	ἀγέλη	θηρίον	ζῷον	ἀλώπηξ	λύκος	ὑποζύγιον	τετράπους	ἄρκος	ἐκκλησία	ἀδελφότης	Χριστιανός	ποίμνιον	ψευδάδελφος	Χριστιανός	1	266	1	17	210	61	13	15	31	16	18	217	9	3	79	2	ἑρπετόν ; 0.6112328171730042	ἀρτιγέννητος ; 0.5771974325180054	σκορακισμός ; 0.5679133534431458	ὄρνεον ; 0.6131929755210876	ἐρυσίπτολις ; 0.5558642745018005	κεφαλιόω ; 0.5070669651031494	Σουλαμῖτις ; 0.5521356463432312	βουκόλιον ; 0.5905376672744751	μαλακία ; 0.5486375689506531	λέων ; 0.6243442296981812	κήρυγμα ; 0.5551949739456177	φιλοσοφία ; 0.5713699460029602	Ἀντιοχεύς ; 0.6143710017204285	πρόβατον ; 0.707395076751709	ἀμφιβάλλω ; 0.5517637729644775
0.0737678388875741	ἀποστάσιον	γράμμα	ἀπογράφω	ἐπιγραφή	κεραία	χειρόγραφον	ἰῶτα	ἀπογραφή	καταλέγω	ἐλλογέω	ξέστης	νιπτήρ	φιάλη	θήκη	ὑδρία	νιπτήρ	1	7	41	10	5	2	7	1	8	3	2	1	1	47	4	25	̓ἐρινύς ; 0.5382461547851562	ἐπιταγή ; 0.5279595255851746	κυκλόεις ; 0.5663559436798096	θρησκεία ; 0.6563438773155212	ἀκάθαρτος ; 0.49359655380249023	καταδίκη ; 0.5833108425140381	νασιφ ; 0.617505669593811	τριετία ; 0.5815110206604004	παραστάτης ; 0.5260189771652222	ἀπόκριμα ; 0.5705476999282837	Θάμυρις ; 0.5988346338272095	Βαλεκ ; 0.5947328805923462	τροχός ; 0.5415339469909668	βαθύχθων ; 0.5563669204711914	Ρεμμαθ ; 0.5291784405708313
0.013169661622749018	ὀργή	θυμομαχέω	παροργισμός	παροργίζω	προσοχθίζω	ὀργίλος	θυμόομαι	θυμός	χολάω	ὀργίζομαι	ἀπαγγέλλω	ἀγγελία	ἀγγέλλω	ἐξηγέομαι	ἐκδιηγέομαι	χολάω	0	339	1	8	60	23	5	1	351	1	9	298	15	1	15	16	θυμός ; 0.7266823053359985	Θελμελεθ ; 0.6716389060020447	ἀκροκνέφαιος ; 0.5340681076049805	βεβηλόω ; 0.6369423866271973	κατοικίζω ; 0.5535597801208496	ἐκσαρκίζω ; 0.5732830166816711	Φαραώ ; 0.5605770945549011	ὀργή ; 0.7266823053359985	διαφαύσκω ; 0.5443457365036011	ἐξεγγυάω ; 0.5106296539306641	ἀναγγέλλω ; 0.6997324228286743	ψίθυρος ; 0.5161264538764954	πλημμυρίς ; 0.5174247026443481	προσκαλέομαι ; 0.5227948427200317	δαπάνη ; 0.5501331090927124
0.008074620959469647	παθητός	συμπαθέω	συγκακοπαθέω	πάσχω	πόνος	πάθημα	συμπάσχω	συνωδίνω	συγκακουχέομαι	προπάσχω	διερμηνευτής	ἐπίλυσις	δυσερμήνευτος	ἐπιλύω	φράζω	φράζω	1	1	3	2	59	96	16	3	1	1	1	1	1	1	2	4	θέορτος ; 0.5381362438201904	εὐανδρία ; 0.6060000061988831	ἐπιτέλλω ; 0.5263234376907349	γίνομαι ; 0.5724458694458008	ἀκοπιάστως ; 0.5951268076896667	πρόκειμαι ; 0.5710850954055786	ἀμνηστία ; 0.5406264066696167	συστενάζω ; 0.9267100095748901	ὀκταήμερος ; 0.6015875339508057	πολιτεία ; 0.5269464254379272	πορθέω ; 0.5642615556716919	διερεθίζω ; 0.5179336667060852	κεφαλαιόω ; 0.6132324934005737	Μύστα ; 0.5384868383407593	πόσις ; 0.5586212277412415
0.0800383827210911	ἐκτρέφω	βόσκω	ψωμίζω	ἐσθίω	τρώγω	βιβρώσκω	θηλάζω	βρώσιμος	τρέφω	βρῶσις	ἄψινθος	βάτος	βοτάνη	χόρτος	σίναπι	σίναπι	1	29	37	25	831	6	40	34	4	33	53	1	13	17	64	5	ὑπερκτάομαι ; 0.5338512659072876	τημελέω ; 0.6190500855445862	δίδωμι ; 0.5482484698295593	πίνω ; 0.7168430089950562	τεκνογόνος ; 0.5670112371444702	ἐπανθέω ; 0.6357985734939575	μαστός ; 0.5436999797821045	πόρνος ; 0.6271461248397827	ὁμείρομαι ; 0.5153449773788452	Αἰγοσθενής ; 0.5518012642860413	διαστράπτω ; 0.60837322473526	δημοβόρος ; 0.533637285232544	χλωρός ; 0.5618904829025269	γένημα ; 0.5536503791809082	Ἀμφιθέη ; 0.5741653442382812
0.06824998545352695	εὐπάρεδρον	προφῆτις	συμπρεσβύτερος	προφήτης	ψευδοπροφήτης	ἀποστολή	Μεσσίας	ψευδαπόστολος	εὐαγγελιστής	ἀπόστολος	ἐπιδίδωμι	δόμα	δότης	δωρέομαι	παραδίδωμι	ἐπιδίδωμι	1	1	8	1	474	20	15	2	1	3	79	22	62	2	8	392	ἀπερισπάστως ; 0.6497145891189575	Πανταλέων ; 0.5492510199546814	καθόπλισις ; 0.527916669845581	προφητεύω ; 0.5901615023612976	εὔιος ; 0.5125498175621033	λαμπρῶς ; 0.5566274523735046	Δρούσιλλα ; 0.5329673290252686	ἕνεκα ; 0.5171456933021545	κοινῇ ; 0.5361115336418152	Ἰάκωβος ; 0.6090723872184753	ἀνατέμνω ; 0.5249687433242798	δῶρον ; 0.6296682953834534	ἐλεήμων ; 0.5436795353889465	ὄγκος2 ; 0.5609336495399475	ἐξαποστέλλω ; 0.6350294947624207
0.07762103579775326	δηλόω	φανέρωσις	χρηματίζω	ἀποκάλυψις	ξένος	φανερός	ἀποκαλύπτω	ἐπίσημος	αὐγάζω	χρηματισμός	ἄνομος	ψευδάδελφος	ἐκκλησία	ἄδικος	νεόφυτος	ξένος	0	44	2	20	21	34	34	135	11	8	4	113	2	217	136	6	γνωρίζω ; 0.5960322618484497	ἀκυρόω ; 0.5989995002746582	βλασφημέω ; 0.5518365502357483	εὐλαβῶς ; 0.563775360584259	ἀικής ; 0.5117006897926331	γνωστέος ; 0.576211154460907	κομψεύω ; 0.585908055305481	εἰρέω ; 0.6128016710281372	τηλαύγημα ; 0.6803386211395264	Ῥύπες ; 0.5703672170639038	ἀσεβής ; 0.7457099556922913	ἀμφιβάλλω ; 0.5517637729644775	κήρυγμα ; 0.5551949739456177	ἄνομος ; 0.6444003582000732	συγκοιμάομαι ; 0.5043842196464539
0.0737974558082003	τεκνογονέω	γεννητός	γέννημα	ἀρτιγέννητος	γένεσις	τίκτω	τεκνογονία	ἔγκυος	ὠδίν	γενετή	ἀγγελία	ἀναγγέλλω	ἐξηγέομαι	ἀπαγγέλλω	σπεκουλάτωρ	σπεκουλάτωρ	1	1	7	7	1	61	263	1	2	39	3	15	269	15	298	1	οἰκοδεσποτέω ; 0.852102518081665	φοβερός ; 0.4961318373680115	ποτέ ; 0.5282080173492432	ἐρυθαίνομαι ; 0.5893996357917786	παναπήμων ; 0.5499608516693115	θυγάτηρ ; 0.5571480393409729	ὁμότεχνος ; 0.575988233089447	κατάγομος ; 0.5331885814666748	γαστήρ ; 0.616687536239624	ἀφ́αλλομαι ; 0.6145048141479492	ψίθυρος ; 0.5161264538764954	ἀπαγγέλλω ; 0.6997323632240295	προσκαλέομαι ; 0.5227948427200317	ἀναγγέλλω ; 0.6997324228286743	σύν-λέγω2 ; 0.575308620929718
0.05294674251013276	ὁμοίως	οἷος	ὁμοίωσις	ὅμοιος	τοιοῦτος	ὁμοιότης	ἀφομοιόω	ὁμοιόω	ἔοικα	ὁμοίωμα	διασαφέω	μεθερμηνεύω	ἑρμηνεύω	διερμηνευτής	φράζω	ἑρμηνεύω	1	52	33	9	137	136	6	1	53	4	47	12	8	6	1	4	ὀψίζω ; 0.5757051706314087	παρόμοιος ; 0.5732908248901367	ἀπρονόητος ; 0.5959286689758301	ἡμέριος ; 0.5078182220458984	ὅστις ; 0.6223004460334778	ταμία ; 0.5736932754516602	ἀπολισθάνω ; 0.557013988494873	βριήπυος ; 0.6073880195617676	ποιητής ; 0.5907118916511536	οὐριοστάτης ; 0.5508478283882141	ῥᾴδιον ; 0.5606133937835693	προορίζω ; 0.547603964805603	Πύδνα ; 0.5340185165405273	πορθέω ; 0.5642615556716919	πόσις ; 0.5586212277412415
0.04765352215015917	προγίνομαι	συμβαίνω	ἐκπληρόω	πρᾶγμα	ἐπεισέρχομαι	ἐπιγίνομαι	ἐνίστημι	συναντάω	συγκυρία	πληροφορέω	γαζοφυλάκιον	ξενία	ἀνάγαιον	θησαυρός	ταμεῖον	ταμεῖον	1	1	58	4	135	2	1	20	67	1	7	30	4	2	110	4	πάρεσις ; 0.9078507423400879	ἀλογιστία ; 0.5309213399887085	ἡγεμονεύω ; 0.5373662710189819	Νομάι ; 0.5823962688446045	Πυθιονίκη ; 0.5713468790054321	δευτεραῖος ; 0.7018896341323853	ἐμφανίζω ; 0.5595741868019104	συνέχω ; 0.5676730871200562	Δαθαν ; 0.5294467210769653	σύμφωνον ; 0.5618005394935608	Ἰουδιας ; 0.5280458927154541	εἴτα ; 0.543624997138977	δοξολογέω ; 0.6005696058273315	εἰσοδιάζω ; 0.5537214279174805	Σαβαώθ ; 0.6263028383255005
0.08716018086928123	ἔοικα	ἀφομοιόω	ὁμοιότης	ὁμοιόω	ὁμοίως	ὅμοιος	οἷος	τοιοῦτος	ὁμοίωμα	ὁμοίωσις	τρέμω	ἀποτινάσσω	ἀπομάσσομαι	τρόμος	ταράσσω	ἀπομάσσομαι	1	4	1	6	53	52	137	33	136	47	9	16	5	2	35	135	ποιητής ; 0.5907118916511536	ἀπολισθάνω ; 0.557013988494873	ταμία ; 0.5736932754516602	βριήπυος ; 0.6073880195617676	ὀψίζω ; 0.5757051706314087	ἡμέριος ; 0.5078182220458984	παρόμοιος ; 0.5732908248901367	ὅστις ; 0.6223004460334778	οὐριοστάτης ; 0.5508478283882141	ἀπρονόητος ; 0.5959286689758301	ἰδιώτης ; 0.6221140623092651	τηνικάδε ; 0.588708758354187	ὠτίον ; 0.6106359958648682	τέρψις ; 0.5239965915679932	ἐξίστημι ; 0.6387583017349243
0.12846354957612743	ἐκβαίνω	ἄφιξις	ἐκχωρέω	ἐξέρχομαι	ἐκπορεύομαι	ἀπέρχομαι	μεταίρω	ἀποβαίνω	ἀπολύω	ἔξειμι	ἀποκάλυψις	ἐπίσημος	φανέρωσις	φανερός	χρηματισμός	φανέρωσις	1	11	2	5	949	204	344	6	24	98	12	21	11	2	34	4	ἑλέπτολις ; 0.5662173628807068	περίοικος ; 0.5148712396621704	ἀπαίρω ; 0.6750978231430054	ἐκπορεύομαι ; 0.7463042736053467	ἐξέρχομαι ; 0.7463042736053467	ἐξέρχομαι ; 0.6406841278076172	ὀβριμοεργός ; 0.5484274625778198	ἀκεστής ; 0.5667575001716614	κομίζω ; 0.5995592474937439	Φλαμίνιος ; 0.5457035303115845	εὐλαβῶς ; 0.563775360584259	εἰρέω ; 0.6128016710281372	ἀκυρόω ; 0.5989995002746582	γνωστέος ; 0.576211154460907	Ῥύπες ; 0.5703672170639038
0.06112182128042909	εὐσεβής	θεοσεβής	δεισιδαίμων	δεισιδαιμονία	ἱεροπρεπής	θεοσέβεια	εὐσέβεια	θρησκός	θρησκεία	εὐσεβῶς	βασίλειος	οἰκία	σκήνωμα	πραιτώριον	ἔπαυλις	σκήνωμα	1	36	8	1	1	3	1	72	1	8	2	6	353	83	8	46	δίκαιος ; 0.5369386672973633	ἔνι ; 0.5488791465759277	μικροῦ ; 0.5748546719551086	κατακαίω ; 0.5602552890777588	μιαροφαγέω ; 0.626768946647644	ἀφθορία ; 0.5121896266937256	ἀπείριτος ; 0.545782744884491	καΐἄν ; 0.6298938393592834	ἐπιγραφή ; 0.656343936920166	δρίος ; 0.5576859712600708	ἰδιότης ; 0.5563012957572937	πραιτώριον ; 0.5933473110198975	ἔπαυλος ; 0.5816031694412231	οἰκία ; 0.5933473110198975	περισπόριον ; 0.6057047843933105
0.05705761023852257	ἀπογραφή	ἐπιγραφή	ἀπογράφω	ἀποστάσιον	ἐλλογέω	κεραία	χειρόγραφον	καταλέγω	ἰῶτα	γράμμα	καταστρώννυμι	κατασφάζω	θανατόω	σφάζω	σφαγή	καταλέγω	0	8	5	10	7	2	2	7	3	1	41	10	11	169	94	26	τριετία ; 0.5815110206604004	θρησκεία ; 0.6563438773155212	κυκλόεις ; 0.5663559436798096	̓ἐρινύς ; 0.5382461547851562	ἀπόκριμα ; 0.5705476999282837	ἀκάθαρτος ; 0.49359655380249023	καταδίκη ; 0.5833108425140381	παραστάτης ; 0.5260189771652222	νασιφ ; 0.617505669593811	ἐπιταγή ; 0.5279595255851746	σύρω ; 0.6015741229057312	Σωσίπατρος ; 0.5806474089622498	ἀποθνῄσκω ; 0.7149893045425415	προσάγω ; 0.5855714082717896	ῥῦμα ; 0.577964186668396
0.11018682305650707	πόμα	ἐπισιτισμός	βρῶμα	σιτομέτριον	ψίξ	διατροφή	ψωμίον	τροφή	πόσις	χόρτασμα	ἐξηγέομαι	ἀγγέλλω	ἀγγελία	διηγέομαι	ἐρεύγομαι	διηγέομαι	1	7	16	87	1	2	2	4	47	5	9	15	1	15	73	7	πειθὴνιος ; 0.5384232997894287	ἐπιστολή ; 0.5838744640350342	ἄρτος ; 0.636462390422821	οἰκετεία ; 0.6006902456283569	μεσημβρινός ; 0.5979897379875183	ἐπισκευή ; 0.6126684546470642	πάχετος ; 0.5618529319763184	ἀδεής ; 0.5682676434516907	φράζω ; 0.5586212873458862	ἐξωνέομαι ; 0.6079422235488892	προσκαλέομαι ; 0.5227948427200317	πλημμυρίς ; 0.5174247026443481	ψίθυρος ; 0.5161264538764954	ὑπεράκριος ; 0.5422289371490479	μαγαλύνω ; 0.6317412853240967
0.052653407143476494	διερμηνεύω	διερμηνευτής	ἑρμηνεία	ἐπίλυσις	δυσερμήνευτος	ἐπιλύω	ἑρμηνεύω	διασαφέω	μεθερμηνεύω	φράζω	βοτάνη	κάλαμος	ἄψινθος	τρίβολος	σίναπι	βοτάνη	1	7	1	3	1	1	2	6	12	8	4	17	40	1	6	5	σύν-ψεύδω ; 0.6181201934814453	πορθέω ; 0.5642615556716919	ἐνέργημα ; 0.5940830707550049	διερεθίζω ; 0.5179336667060852	κεφαλαιόω ; 0.6132324934005737	Μύστα ; 0.5384868383407593	Πύδνα ; 0.5340185165405273	ῥᾴδιον ; 0.5606133937835693	προορίζω ; 0.547603964805603	πόσις ; 0.5586212277412415	χλωρός ; 0.5618904829025269	διαζάω ; 0.5417959690093994	διαστράπτω ; 0.60837322473526	ἵζω ; 0.5625990629196167	Ἀμφιθέη ; 0.5741653442382812
0.2252818181349914	ἴασπις	χρυσόλιθος	σάπφιρος	χρυσόπρασος	σμαράγδινος	βήρυλλος	τοπάζιον	χαλκηδών	σάρδιον	σμάραγδος	ἤδη	πρίν	ἔκπαλαι	προφθάνω	πρῶτον	πρίν	1	8	4	1	1	1	2	6	1	9	12	123	71	2	20	9	ἐναρμόζω ; 0.5513426661491394	βηρύλλιον ; 0.784195065498352	χαλκηδών ; 0.7519828677177429	ἀμέθυστος ; 0.7866020798683167	χρυσέος ; 0.6253014802932739	Ελιαζερ ; 0.6647600531578064	περισιαλόω ; 0.6107372641563416	Ιαζιηλ ; 0.8338228464126587	ʽἁλοσύδνη ; 0.5792330503463745	τετραπλῶς ; 0.5946683287620544	παραβολεύομαι ; 0.5357823371887207	ἔκτρωμα ; 0.513434112071991	ἐξωθέω ; 0.5491906404495239	ἐθελοκωφόω ; 0.5498921275138855	πολύπειρος ; 0.5512207746505737
0.19253847282580777	ἐρεύγομαι	ἄγγελος	ἀγγελία	ἀναγγέλλω	σπεκουλάτωρ	ἀγγέλλω	ἀπαγγέλλω	ἐξηγέομαι	ἐκδιηγέομαι	διηγέομαι	ἐπισιτισμός	διατροφή	βρῶμα	χόρτασμα	σιτομέτριον	βρῶμα	1	7	512	15	269	1	1	298	15	16	73	16	2	87	9	1	μαγαλύνω ; 0.6317412853240967	κατευχή ; 0.49882498383522034	ψίθυρος ; 0.5161264538764954	ἀπαγγέλλω ; 0.6997323632240295	σύν-λέγω2 ; 0.575308620929718	πλημμυρίς ; 0.5174247026443481	ἀναγγέλλω ; 0.6997324228286743	προσκαλέομαι ; 0.5227948427200317	δαπάνη ; 0.5501331090927124	ὑπεράκριος ; 0.5422289371490479	ἐπιστολή ; 0.5838744640350342	ἐπισκευή ; 0.6126684546470642	ἄρτος ; 0.636462390422821	ἐξωνέομαι ; 0.6079422235488892	οἰκετεία ; 0.6006902456283569
-0.019278193790036757	συνέχω	ἐνέχω	ζωγρέω	δαμάζω	συλαγωγέω	δοῦλος	στενοχωρέομαι	αὐθεντέω	βραβεύω	εὐπερίστατος	ἐκριζόω	φυτεύω	ἀμάω	ἀροτριάω	σπόριμος	δοῦλος	0	62	8	10	7	1	510	3	1	2	1	14	61	6	18	5	συναντάω ; 0.5676730871200562	ἀποτυφλόω ; 0.5101269483566284	Βαιθεωρ ; 0.5125117301940918	συναίτιος ; 0.5770502090454102	μακιστήρ ; 0.5498591065406799	παῖς ; 0.62291419506073	ἀλήτης ; 0.5577099919319153	πείθω ; 0.6067700386047363	προοἶδα ; 0.5289952754974365	ἀκόντισμα ; 0.5845393538475037	τηλοῦ ; 0.5159242153167725	ἁλμυρός ; 0.5706493258476257	ἐρυσίβη ; 0.5827890038490295	κατείργνυμι ; 0.5769234895706177	σύνορος ; 0.49834373593330383
0.17093574733971534	παραλέγομαι	ἀποπλέω	εὐθυδρομέω	ἐκπλέω	παραπλέω	πλέω	ὑποπλέω	ἀνάγω	πλοῦς	βραδυπλοέω	συμφυλέτης	πολίτευμα	ἐντόπιος	ἔθνος	ἀπαλλοτριόομαι	πολίτευμα	1	2	4	2	3	1	13	2	136	3	1	1	2	1	1166	3	ὀλιγόπιστος ; 0.5961530208587646	ἐκπλέω ; 0.6148556470870972	Σαμοθρᾴκη ; 0.7231571674346924	ἀποπλέω ; 0.6148556470870972	Ῥόδος ; 0.5294786691665649	Κελτικός ; 0.5300279855728149	κυματόω ; 0.5814565420150757	ἐξάγω ; 0.737275242805481	Λοβωημαθ ; 0.5724430084228516	κατάνομαι ; 0.5726081132888794	ἐνθουσιασμός ; 0.5949890613555908	προσηγορία ; 0.5771117210388184	Θρασυδαίος ; 0.5515217781066895	λαός ; 0.5805269479751587	δυσκέλαδος ; 0.6024231910705566
-0.0026507585360290853	ἐνέχω	βραβεύω	συνέχω	δαμάζω	στενοχωρέομαι	συλαγωγέω	δοῦλος	αὐθεντέω	εὐπερίστατος	ζωγρέω	καινός	προφθάνω	πρίν	ἤδη	προσφάτως	ζωγρέω	0	8	2	62	7	3	1	510	1	1	10	101	20	71	123	6	ἀποτυφλόω ; 0.5101269483566284	προοἶδα ; 0.5289952754974365	συναντάω ; 0.5676730871200562	συναίτιος ; 0.5770502090454102	ἀλήτης ; 0.5577099919319153	μακιστήρ ; 0.5498591065406799	παῖς ; 0.62291419506073	πείθω ; 0.6067700386047363	ἀκόντισμα ; 0.5845393538475037	Βαιθεωρ ; 0.5125117301940918	προθεσπίζω ; 0.5052075982093811	ἐθελοκωφόω ; 0.5498921275138855	ἔκτρωμα ; 0.513434112071991	παραβολεύομαι ; 0.5357823371887207	ὑποκορίζομαι ; 0.5707846879959106
0.0738653172014902	δυναμόω	ἰσχύω	δύναμαι	σθενόω	ἐξισχύω	ἰσχύς	δυνατέω	κατισχύω	ἐνδυναμόω	δύναμις	εὐαγγελιστής	Μεσσίας	συμπρεσβύτερος	ψευδοπροφήτης	ἀποστολή	Μεσσίας	1	6	132	530	1	1	373	3	108	8	707	3	2	1	20	15	ἕρμα1 ; 0.542962908744812	διάκειμαι ; 0.521111249923706	θέλω ; 0.5958384871482849	προκοπή ; 0.5242042541503906	ἀτενίζω ; 0.5548617839813232	νῶτος ; 0.6033188700675964	μεστόω ; 0.5767037868499756	ἐνισχύω ; 0.6141834259033203	ἐγκοπή ; 0.5587573051452637	ἀναβάτης ; 0.5528948903083801	κοινῇ ; 0.5361115336418152	Δρούσιλλα ; 0.5329673290252686	καθόπλισις ; 0.527916669845581	εὔιος ; 0.5125498175621033	λαμπρῶς ; 0.5566274523735046
0.07426799666847295	λογισμός	κατανοέω	ἔννοια	συμβάλλω	ἀναλογίζομαι	διαλογίζομαι	ἐνθυμέομαι	διαλογισμός	λογίζομαι	διενθυμέομαι	προσφάτως	καινός	πάλαι	πρίν	ὁπότε	προσφάτως	1	117	43	12	15	4	28	23	39	160	1	6	101	15	71	11	ἀδελφοκτόνος ; 0.5838311910629272	ἀνάλυσις ; 0.5197908878326416	ἐπιμάσσομαι ; 0.5467854738235474	ἀποτίθημι ; 0.5573850870132446	θεωρητέον ; 0.5439088344573975	ὀλιγόπιστος ; 0.5574030876159668	ἐρῶ ; 0.5399200916290283	διά-χράω ; 0.5790485143661499	μέμφομαι ; 0.6402730941772461	ναυλοχέω ; 0.6165000200271606	ὑποκορίζομαι ; 0.5707846879959106	προθεσπίζω ; 0.5052075982093811	μυστήριον ; 0.5354169011116028	ἔκτρωμα ; 0.513434112071991	ἡνίκα ; 0.5187864303588867
0.11891578436247374	ἐκπορεύομαι	ἐκχωρέω	ἀπολύω	ἐκβαίνω	ἀποβαίνω	ἄφιξις	μεταίρω	ἐξέρχομαι	ἀπέρχομαι	ἔξειμι	προσαγωγή	προσλαλέω	ἀποφθέγγομαι	λαλέω	ἐπιφωνέω	προσαγωγή	1	204	5	98	11	24	2	6	949	344	12	3	4	9	1480	7	ἐξέρχομαι ; 0.7463042736053467	ἀπαίρω ; 0.6750978231430054	κομίζω ; 0.5995592474937439	ἑλέπτολις ; 0.5662173628807068	ἀκεστής ; 0.5667575001716614	περίοικος ; 0.5148712396621704	ὀβριμοεργός ; 0.5484274625778198	ἐκπορεύομαι ; 0.7463042736053467	ἐξέρχομαι ; 0.6406841278076172	Φλαμίνιος ; 0.5457035303115845	προγίγνομαι ; 0.6168110370635986	ἐντροπή ; 0.5763468742370605	Προθόων ; 0.5898425579071045	ἀκούω ; 0.5760936737060547	πολύβατος ; 0.5544764995574951
-0.010120962544425682	γεννητός	ἔγκυος	γένεσις	τεκνογονία	τεκνογονέω	τίκτω	γενετή	ὠδίν	ἀρτιγέννητος	γέννημα	φιλέω	φιλία	φιλότεκνος	φιλάδελφος	φιλόστοργος	φιλάδελφος	1	7	2	61	1	1	263	3	39	1	7	58	37	4	4	2	φοβερός ; 0.4961318373680115	κατάγομος ; 0.5331885814666748	παναπήμων ; 0.5499608516693115	ὁμότεχνος ; 0.575988233089447	οἰκοδεσποτέω ; 0.852102518081665	θυγάτηρ ; 0.5571480393409729	ἀφ́αλλομαι ; 0.6145048141479492	γαστήρ ; 0.616687536239624	ἐρυθαίνομαι ; 0.5893996357917786	ποτέ ; 0.5282080173492432	ραββουνι ; 0.5453717708587646	κλῄζω1 ; 0.555450439453125	ἀπαθής ; 0.5768148899078369	ἀποβλάπτω ; 0.5234522223472595	συμπάρειμι ; 0.5619555115699768
0.16975355711247736	διασαφέω	διερμηνεύω	φράζω	ἐπιλύω	ἐπίλυσις	μεθερμηνεύω	δυσερμήνευτος	ἑρμηνεία	διερμηνευτής	ἑρμηνεύω	σμαράγδινος	χαλκηδών	χρυσόπρασος	βήρυλλος	ἴασπις	μεθερμηνεύω	0	12	7	4	2	1	8	1	3	1	6	1	1	1	2	8	ῥᾴδιον ; 0.5606133937835693	σύν-ψεύδω ; 0.6181201934814453	πόσις ; 0.5586212277412415	Μύστα ; 0.5384868383407593	διερεθίζω ; 0.5179336667060852	προορίζω ; 0.547603964805603	κεφαλαιόω ; 0.6132324934005737	ἐνέργημα ; 0.5940830707550049	πορθέω ; 0.5642615556716919	Πύδνα ; 0.5340185165405273	χρυσέος ; 0.6253014802932739	Ιαζιηλ ; 0.8338228464126587	ἀμέθυστος ; 0.7866020798683167	Ελιαζερ ; 0.6647600531578064	ἐναρμόζω ; 0.5513426661491394
0.0977936583934258	δύναμαι	δυναμόω	ἰσχύς	δυνατέω	σθενόω	κατισχύω	δύναμις	ἰσχύω	ἐξισχύω	ἐνδυναμόω	μάμμη	πατρῷος	πατρικός	γονεύς	πατήρ	σθενόω	0	530	6	373	3	1	108	707	132	1	8	2	12	14	35	1859	θέλω ; 0.5958384871482849	ἕρμα1 ; 0.542962908744812	νῶτος ; 0.6033188700675964	μεστόω ; 0.5767037868499756	προκοπή ; 0.5242042541503906	ἐνισχύω ; 0.6141834259033203	ἀναβάτης ; 0.5528948903083801	διάκειμαι ; 0.521111249923706	ἀτενίζω ; 0.5548617839813232	ἐγκοπή ; 0.5587573051452637	Λωΐς ; 0.6027356386184692	ὠβά ; 0.5469468832015991	πατριά ; 0.5880193114280701	γενεαλογικός ; 0.560631275177002	μήτηρ ; 0.6181122064590454
0.1512138932199253	οἰκητήριον	περιοικέω	κατοικητήριον	οἰκέω	κατοικία	παροικέω	κατοίκησις	ἐνοικέω	κατοικέω	ἐγκατοικέω	ζῳοποιέω	ἀναζάω	ἐξεγείρω	ἔγερσις	ζάω	ἀναζάω	1	3	1	22	156	36	72	11	46	723	1	11	2	73	4	694	διωγμός ; 0.5991981029510498	σημαντήριον ; 0.5271272659301758	ἄθεσμος ; 0.5144065618515015	κληροδοσία ; 0.5839342474937439	ῥαθάμιγξ ; 0.5268511772155762	αὐλίζω ; 0.587541937828064	προσπίλναμαι ; 0.5167293548583984	ἐγχρίμπτω ; 0.5564156174659729	Φαραθωμ ; 0.584641695022583	̓ἀμφίμαχος ; 0.6111091375350952	ὀλοθρεύω ; 0.5708876848220825	ἀνεκλάλητος ; 0.5198944807052612	ἀποθαυμάζω ; 0.5146450400352478	φαεινός ; 0.5731940269470215	ἐγγύτερον ; 0.5736112594604492
0.09395299902020621	ὑδρία	ἀγγεῖον	θήκη	στάμνος	ποτήριον	ἄντλημα	ἄγγος	φιάλη	νιπτήρ	ξέστης	παθητός	προπάσχω	συμπάσχω	πάσχω	πάθημα	ἄντλημα	0	25	25	4	5	64	1	7	47	1	1	1	1	3	59	16	Ρεμμαθ ; 0.5291784405708313	τολύπη ; 0.5623787641525269	βαθύχθων ; 0.5563669204711914	ῥήγμα ; 0.5273994207382202	ἄκρατος ; 0.5928884148597717	ἄναρχος ; 0.5724209547042847	ἀποσυρίζω ; 0.5345050692558289	τροχός ; 0.5415339469909668	Βαλεκ ; 0.5947328805923462	Θάμυρις ; 0.5988346338272095	θέορτος ; 0.5381362438201904	πολιτεία ; 0.5269464254379272	ἀμνηστία ; 0.5406264066696167	γίνομαι ; 0.5724458694458008	πρόκειμαι ; 0.5710850954055786
0.19406754571351725	λογισμός	ἐνθυμέομαι	ἀναλογίζομαι	συμβάλλω	διαλογισμός	κατανοέω	λογίζομαι	διαλογίζομαι	ἔννοια	διενθυμέομαι	σμάραγδος	σάπφιρος	σμαράγδινος	σάρδιον	χρυσόπρασος	σμαράγδινος	1	117	23	4	15	39	43	160	28	12	1	12	1	1	9	1	ἀδελφοκτόνος ; 0.5838311910629272	ἐρῶ ; 0.5399200916290283	θεωρητέον ; 0.5439088344573975	ἀποτίθημι ; 0.5573850870132446	διά-χράω ; 0.5790485143661499	ἀνάλυσις ; 0.5197908878326416	μέμφομαι ; 0.6402730941772461	ὀλιγόπιστος ; 0.5574030876159668	ἐπιμάσσομαι ; 0.5467854738235474	ναυλοχέω ; 0.6165000200271606	τετραπλῶς ; 0.5946683287620544	χαλκηδών ; 0.7519828677177429	χρυσέος ; 0.6253014802932739	ʽἁλοσύδνη ; 0.5792330503463745	ἀμέθυστος ; 0.7866020798683167
0.09476462522986723	καιρός	εὐκαιρέω	ἀκαιρέομαι	πότε	ἀκαίρως	εὐκαίρως	εὔκαιρος	ὥρα	προθεσμία	εὐκαιρία	ἄντλημα	ξέστης	στάμνος	ἀγγεῖον	φιάλη	στάμνος	1	569	3	1	66	2	3	7	179	1	7	1	1	5	25	47	ἡμέρα ; 0.7105389833450317	ἐραστός ; 0.5283572673797607	Θαβωθ ; 0.6264514923095703	ἄρτι ; 0.567585289478302	πανοῦργος ; 0.6110267639160156	ἐπιζήμιον ; 0.5272424221038818	Φαισόλαι ; 0.562263011932373	χρόνος ; 0.5396902561187744	ταρταρόω ; 0.6055130958557129	χρόα ; 0.525431752204895	ἄναρχος ; 0.5724209547042847	Θάμυρις ; 0.5988346338272095	ῥήγμα ; 0.5273994207382202	τολύπη ; 0.5623787641525269	τροχός ; 0.5415339469909668
0.006176857442318495	θορυβέω	προμεριμνάω	θορυβάζω	ἀμέριμνος	μετεωρίζομαι	ἀνασκευάζω	προσδοκάω	μεριμνάω	καταπονέω	μέριμνα	φανερός	ἐπίσημος	δηλόω	φανέρωσις	χρηματίζω	θορυβέω	0	10	1	1	4	1	1	29	28	4	17	34	11	44	2	20	πειρατής ; 0.5761846899986267	οἴκαδε ; 0.548973560333252	περισπάομαι ; 0.6275888681411743	δακτυλιαῖος ; 0.614495038986206	Ἁλικαρνησσός ; 0.5499660968780518	ἐναλείφω ; 0.4860473871231079	ἀναμένω ; 0.5669989585876465	ἐπικουφίζω ; 0.5544167160987854	Ἀρθμιάδας ; 0.5628061294555664	παροδεύω ; 0.5533226728439331	γνωστέος ; 0.576211154460907	εἰρέω ; 0.6128016710281372	γνωρίζω ; 0.5960322618484497	ἀκυρόω ; 0.5989995002746582	βλασφημέω ; 0.5518365502357483
0.16653717024006925	κειρία	σουδάριον	σινδών	ἔνδυμα	ὀθόνιον	λέντιον	ἐπίβλημα	ῥάκος	καταπέτασμα	ὀθόνη	λαλέω	φημί	λέγω	ἐκλαλέω	προσλαλέω	λαλέω	1	2	4	10	21	8	2	5	5	44	2	1480	138	4471	2	4	Ιωιαριβ ; 0.5234009623527527	τιάρα ; 0.5984266400337219	τακτός ; 0.6002177596092224	ἱμάτιον ; 0.5548921227455139	ψιλόω ; 0.5365277528762817	Κεδρών ; 0.5966008901596069	ἐπιρρέζω ; 0.5598948001861572	καταμήνιος ; 0.5697879791259766	δέρτρον ; 0.60921710729599	Θράξ ; 0.5606763958930969	ἀκούω ; 0.5760936737060547	λέγω ; 0.6286392211914062	εἶπον ; 0.7062554955482483	μέλω ; 0.5317301750183105	ἐντροπή ; 0.5763468742370605
0.16890397152977754	περιβάλλω	ἐνδύω	ἐπενδύομαι	ἐνδιδύσκω	ἐγκομβόομαι	ἀμφιάζω	ἀμφιέννυμι	ἱματίζω	περίθεσις	σπαργανόω	ὀργίζομαι	παροργισμός	παροργίζω	θυμός	ὀργή	ὀργίζομαι	1	93	146	2	4	1	3	5	2	1	4	9	8	60	351	339	ἐνδύω ; 0.6454178094863892	περιβάλλω ; 0.6454178094863892	ὑπεραίρομαι ; 0.5728256106376648	σῆψις ; 0.553597092628479	συμπαρακαλέομαι ; 0.5155746340751648	στεφανόω ; 0.5134679675102234	ἐνδύω ; 0.5589081048965454	ἄπωθεν ; 0.5896517038345337	ἐμπλοκή ; 0.7131790518760681	χωρὶς ; 0.5632283687591553	ἐξεγγυάω ; 0.5106296539306641	ἀκροκνέφαιος ; 0.5340681076049805	βεβηλόω ; 0.6369423866271973	ὀργή ; 0.7266823053359985	θυμός ; 0.7266823053359985
0.06547616077501517	ὑπεροχή	ἐξοχή	πρωτεύω	ἐπιστάτης	πρωτοστάτης	μεγαλωσύνη	κυρία	μεγιστάν	μεγαλειότης	εὐγενής	λάμπω	φέγγος	διαυγάζω	φωτίζω	ἐκλάμπω	κυρία	0	7	1	4	20	2	36	10	52	7	11	12	28	1	50	8	περισσεία ; 0.5557302832603455	ἐλεφάντων ; 0.5934157371520996	ἀπελέκητος ; 0.5593227744102478	σκηνοποιέω ; 0.5779908895492554	ἄπρακτος ; 0.6225908994674683	γερόντιον ; 0.5607155561447144	προσποίημα ; 0.5854192972183228	ἄρχων ; 0.5689482688903809	κτίσις ; 0.5452282428741455	οὔπω ; 0.5661397576332092	πρέσβιστος ; 0.562231183052063	τροχός ; 0.6486660242080688	φωσφόρος ; 0.7893081903457642	θεμελιόω ; 0.5723241567611694	πρέσβιστος ; 0.5806748867034912
0.12063187417611276	ἀλώπηξ	τετράπους	θηρίον	ζῷον	ἀγέλη	ἄρκος	θρέμμα	λύκος	ὑποζύγιον	κτῆνος	ἔτος	διετής	θέρος	ἐνιαυτός	παραχειμασία	παραχειμασία	1	13	16	210	61	17	18	1	15	31	266	765	2	11	167	1	κεφαλιόω ; 0.5070669651031494	μαλακία ; 0.5486375689506531	ὄρνεον ; 0.6131929755210876	ἐρυσίπτολις ; 0.5558642745018005	σκορακισμός ; 0.5679133534431458	λέων ; 0.6243442296981812	ἀρτιγέννητος ; 0.5771974325180054	Σουλαμῖτις ; 0.5521356463432312	βουκόλιον ; 0.5905376672744751	ἑρπετόν ; 0.6112328171730042	ἡμέρα ; 0.6472654938697815	Ποστόμιος ; 0.5904497504234314	ἀργός2 ; 0.5710753202438354	Μάγνης ; 0.5742471218109131	Παυσίστρατος ; 0.5487001538276672
0.07742591109892777	φιλαδελφία	φιλία	φιλέω	φιλανθρωπία	φίλαυτος	φιλόστοργος	φίλανδρος	φιλάδελφος	φιλότεκνος	φιλόθεος	ἔτος	παραχειμασία	φθινοπωρινός	διετής	διετία	ἔτος	1	9	37	58	7	1	2	1	4	4	1	765	1	1	2	2	πίστις ; 0.6081306338310242	κλῄζω1 ; 0.555450439453125	ραββουνι ; 0.5453717708587646	πρόληψις ; 0.5378355383872986	νεωκόρος ; 0.5780768394470215	συμπάρειμι ; 0.5619555115699768	συγγενής ; 0.5754446983337402	ἀποβλάπτω ; 0.5234522223472595	ἀπαθής ; 0.5768148899078369	φιλήδονος ; 0.7946850061416626	ἡμέρα ; 0.6472654938697815	Παυσίστρατος ; 0.5487001538276672	ὑπό ; 0.5360486507415771	Ποστόμιος ; 0.5904497504234314	ἀκρόαμα ; 0.6251611709594727
0.07640005615362427	ἀκαιρέομαι	εὐκαιρία	πότε	ὥρα	εὐκαίρως	ἀκαίρως	προθεσμία	εὐκαιρέω	καιρός	εὔκαιρος	ἐξουσιάζω	κυριότης	κατεξουσιάζω	ἡγεμών	κατακυριεύω	κυριότης	1	1	7	66	179	3	2	1	3	569	7	18	4	2	104	20	Θαβωθ ; 0.6264514923095703	χρόα ; 0.525431752204895	ἄρτι ; 0.567585289478302	χρόνος ; 0.5396902561187744	ἐπιζήμιον ; 0.5272424221038818	πανοῦργος ; 0.6110267639160156	ταρταρόω ; 0.6055130958557129	ἐραστός ; 0.5283572673797607	ἡμέρα ; 0.7105389833450317	Φαισόλαι ; 0.562263011932373	εὐωχέω ; 0.5238674879074097	Μαγνησία ; 0.568109393119812	ἐξομβρέω ; 0.5411442518234253	Κιμμέριοι ; 0.6039714813232422	ἐπί-λέγω3 ; 0.5439848899841309
0.18943721583454792	ὑποπλέω	εὐθυδρομέω	παραλέγομαι	ἀποπλέω	παραπλέω	πλέω	πλοῦς	ἐκπλέω	ἀνάγω	βραδυπλοέω	φανερός	ἐπίσημος	χρηματισμός	ξένος	φανέρωσις	χρηματισμός	1	2	2	2	4	1	13	3	3	136	1	34	11	4	34	2	κυματόω ; 0.5814565420150757	Σαμοθρᾴκη ; 0.7231571674346924	ὀλιγόπιστος ; 0.5961530208587646	ἐκπλέω ; 0.6148556470870972	Ῥόδος ; 0.5294786691665649	Κελτικός ; 0.5300279855728149	Λοβωημαθ ; 0.5724430084228516	ἀποπλέω ; 0.6148556470870972	ἐξάγω ; 0.737275242805481	κατάνομαι ; 0.5726081132888794	γνωστέος ; 0.576211154460907	εἰρέω ; 0.6128016710281372	Ῥύπες ; 0.5703672170639038	ἀικής ; 0.5117006897926331	ἀκυρόω ; 0.5989995002746582
0.24328907170890923	παραπλέω	πλέω	ἀνάγω	ἐκπλέω	παραλέγομαι	ἀποπλέω	ὑποπλέω	βραδυπλοέω	πλοῦς	εὐθυδρομέω	ἀναγγέλλω	ἄγγελος	ἐρεύγομαι	ἀγγέλλω	σπεκουλάτωρ	ἐρεύγομαι	1	1	13	136	3	2	4	2	1	3	2	269	512	7	1	1	Ῥόδος ; 0.5294786691665649	Κελτικός ; 0.5300279855728149	ἐξάγω ; 0.737275242805481	ἀποπλέω ; 0.6148556470870972	ὀλιγόπιστος ; 0.5961530208587646	ἐκπλέω ; 0.6148556470870972	κυματόω ; 0.5814565420150757	κατάνομαι ; 0.5726081132888794	Λοβωημαθ ; 0.5724430084228516	Σαμοθρᾴκη ; 0.7231571674346924	ἀπαγγέλλω ; 0.6997323632240295	κατευχή ; 0.49882498383522034	μαγαλύνω ; 0.6317412853240967	πλημμυρίς ; 0.5174247026443481	σύν-λέγω2 ; 0.575308620929718
0.13239427388991387	σκηνοποιός	πραιτώριον	κατάλυμα	σκήνωμα	πανδοχεῖον	ἔπαυλις	σκηνή	οἰκία	βασίλειος	οἶκος	διαλογίζομαι	συμβάλλω	κατανοέω	ἔννοια	ἐνθυμέομαι	ἐνθυμέομαι	1	1	8	17	83	1	46	455	353	6	2166	28	15	43	12	23	μονοχίτων ; 0.5722998380661011	οἰκία ; 0.5933473110198975	προφυλακή ; 0.5542711019515991	ἔπαυλος ; 0.5816031694412231	ἄοινος ; 0.5685849785804749	περισπόριον ; 0.6057047843933105	κιβωτός ; 0.6119144558906555	πραιτώριον ; 0.5933473110198975	ἰδιότης ; 0.5563012957572937	Ἰερουσαλήμ ; 0.5859843492507935	ὀλιγόπιστος ; 0.5574030876159668	ἀποτίθημι ; 0.5573850870132446	ἀνάλυσις ; 0.5197908878326416	ἐπιμάσσομαι ; 0.5467854738235474	ἐρῶ ; 0.5399200916290283
0.2519013582541566	σάρδιον	σμάραγδος	ἴασπις	σάπφιρος	σμαράγδινος	βήρυλλος	χαλκηδών	χρυσόπρασος	χρυσόλιθος	τοπάζιον	ὀλοθρευτής	φθορά	φθείρω	ὀλοθρεύω	πορθέω	ὀλοθρεύω	1	9	12	8	1	1	2	1	1	4	6	1	20	29	1	5	ʽἁλοσύδνη ; 0.5792330503463745	τετραπλῶς ; 0.5946683287620544	ἐναρμόζω ; 0.5513426661491394	χαλκηδών ; 0.7519828677177429	χρυσέος ; 0.6253014802932739	Ελιαζερ ; 0.6647600531578064	Ιαζιηλ ; 0.8338228464126587	ἀμέθυστος ; 0.7866020798683167	βηρύλλιον ; 0.784195065498352	περισιαλόω ; 0.6107372641563416	τυπικῶς ; 0.678124189376831	σύμμορφος ; 0.6031955480575562	ἔως ; 0.5563209056854248	πρόσχυσις ; 0.6336286664009094	διερμηνευτής ; 0.5642615556716919
0.054114858516081166	μακρός	σχολάζω	ἑκάστοτε	μακροχρόνιος	χρόνος	πάντοτε	χρονοτριβέω	παροίχομαι	διαγίνομαι	ἀεί	κυρία	μεγαλειότης	μεγαλωσύνη	πρωτοστάτης	ἐξοχή	κυρία	1	35	5	1	3	191	43	1	1	3	21	10	7	36	2	1	μακράν ; 0.5155916810035706	χοῦς2 ; 0.5649294853210449	τομή ; 0.5646319389343262	μακροήμερος ; 0.7071491479873657	ὥρα ; 0.5396902561187744	εὐαγγέλιον ; 0.5782229900360107	ἐπαυρέω ; 0.5596045851707458	πικρόγαμος ; 0.5724995732307434	τεσσαρεσκαιδεκάτος ; 0.6000714302062988	Ἠοῦς ; 0.5341899394989014	προσποίημα ; 0.5854192972183228	κτίσις ; 0.5452282428741455	γερόντιον ; 0.5607155561447144	ἄπρακτος ; 0.6225908994674683	ἐλεφάντων ; 0.5934157371520996
0.20594271970133038	πλοῦς	πλέω	παραλέγομαι	ἀποπλέω	εὐθυδρομέω	βραδυπλοέω	ἀνάγω	ὑποπλέω	ἐκπλέω	παραπλέω	ποτήριον	θήκη	στάμνος	φιάλη	ἄντλημα	θήκη	1	3	13	2	4	2	1	136	2	3	1	64	4	5	47	1	Λοβωημαθ ; 0.5724430084228516	Κελτικός ; 0.5300279855728149	ὀλιγόπιστος ; 0.5961530208587646	ἐκπλέω ; 0.6148556470870972	Σαμοθρᾴκη ; 0.7231571674346924	κατάνομαι ; 0.5726081132888794	ἐξάγω ; 0.737275242805481	κυματόω ; 0.5814565420150757	ἀποπλέω ; 0.6148556470870972	Ῥόδος ; 0.5294786691665649	ἄκρατος ; 0.5928884148597717	βαθύχθων ; 0.5563669204711914	ῥήγμα ; 0.5273994207382202	τροχός ; 0.5415339469909668	ἄναρχος ; 0.5724209547042847
-0.02907212337871007	ποίμνιον	νεόφυτος	ἐθνικός	ἐκκλησία	ψευδάδελφος	ἀδελφότης	ἄδικος	ἐθνικῶς	Χριστιανός	ἄνομος	διερμηνεύω	φράζω	ἑρμηνεία	ἐπίλυσις	διερμηνευτής	ποίμνιον	0	79	6	4	217	2	9	136	1	3	113	7	4	3	1	1	πρόβατον ; 0.707395076751709	συγκοιμάομαι ; 0.5043842196464539	μῦρος ; 0.5681533813476562	κήρυγμα ; 0.5551949739456177	ἀμφιβάλλω ; 0.5517637729644775	φιλοσοφία ; 0.5713699460029602	ἄνομος ; 0.6444003582000732	Ἰουδαϊκῶς ; 0.817602276802063	Ἀντιοχεύς ; 0.6143710017204285	ἀσεβής ; 0.7457099556922913	σύν-ψεύδω ; 0.6181201934814453	πόσις ; 0.5586212277412415	ἐνέργημα ; 0.5940830707550049	διερεθίζω ; 0.5179336667060852	πορθέω ; 0.5642615556716919
0.08783675924015605	πατρικός	προπάτωρ	πρόγονος	γονεύς	μήτηρ	ἀπάτωρ	πατρῷος	πατήρ	μάμμη	ἀμήτωρ	κυριότης	ἄρχων	ἡγεμών	κατακυριεύω	κυριεύω	κατακυριεύω	1	14	2	13	35	419	1	12	1859	2	1	4	680	104	20	71	πατριά ; 0.5880193114280701	ὑπόσχεσις ; 0.5956858396530151	πεντηκοντάλιτρος ; 0.5488262176513672	γενεαλογικός ; 0.560631275177002	πατήρ ; 0.6181122064590454	ἀποπαύω ; 0.5713623762130737	ὠβά ; 0.5469468832015991	μήτηρ ; 0.6181122064590454	Λωΐς ; 0.6027356386184692	Θαργηλιών ; 0.5421494245529175	Μαγνησία ; 0.568109393119812	πρεσβύτερος ; 0.5875585675239563	Κιμμέριοι ; 0.6039714813232422	ἐπί-λέγω3 ; 0.5439848899841309	κατακρατέω ; 0.5446093678474426
0.03345318379130391	φθινοπωρινός	θέρος	διετία	παραχειμάζω	χειμών	ἐνιαυτός	ἔτος	παραχειμασία	διετής	τριετία	γεωργός	φυτεύω	σπόριμος	ἐκριζόω	ἀροτριάω	παραχειμασία	0	1	11	2	4	13	167	765	1	2	1	28	61	5	14	18	ὑπό ; 0.5360486507415771	ἀργός2 ; 0.5710753202438354	ἀκρόαμα ; 0.6251611709594727	προσδοκάω ; 0.5452013611793518	ὡσανεί ; 0.532439112663269	Μάγνης ; 0.5742471218109131	ἡμέρα ; 0.6472654938697815	Παυσίστρατος ; 0.5487001538276672	Ποστόμιος ; 0.5904497504234314	ἀπογραφή ; 0.5815110206604004	δῆθεν ; 0.5505256652832031	ἁλμυρός ; 0.5706493258476257	σύνορος ; 0.49834373593330383	τηλοῦ ; 0.5159242153167725	κατείργνυμι ; 0.5769234895706177