Mean Gap Score Difference	IntraDomainWord	IntraDomainWord	IntraDomainWord	IntraDomainWord	IntraDomainWord	IntraDomainWord	IntraDomainWord	IntraDomainWord	IntraDomainWord	IntraDomainWord	ExtraDomainWord	Gensim Computed Outsider	Right Computer Outsider	Occurences W0	Occurences W1	Occurences W2	Occurences W3	Occurences W4	Occurences W5	Occurences W6	Occurences W7	Occurences W8	Occurences W9	Occurences W10	Most similar word to W0	Most similar word to W1	Most similar word to W2	Most similar word to W3	Most similar word to W4	Most similar word to W5	Most similar word to W6	Most similar word to W7	Most similar word to W8	Most similar word to W9	Most similar word to W10
0.04840390108634679	ζῳογονέω	συνεγείρω	ζῳοποιέω	ἐξεγείρω	ἀναζάω	ζάω	συζωοποιέω	ἔγερσις	ἐξανάστασις	ἀνάστασις	φανέρωσις	ἐξεγείρω	0	3	6	11	73	2	699	2	4	2	48	2	τηρέω ; 0.4680292308330536	κεραυνός ; 0.44416093826293945	Μασσηφα ; 0.4267411530017853	Ζεφυρίη ; 0.47052261233329773	ἱππόδαμος ; 0.4619307518005371	ἀηθέσσω ; 0.4604768753051758	Λουκᾶς ; 0.44992536306381226	στραγγαλόομαι ; 0.45311176776885986	συννοέω ; 0.47931694984436035	ὅλως ; 0.5150761604309082	ἐπίδειξις ; 0.47855639457702637
-0.02498947150631564	δηλόω	ξένος	ἀποκαλύπτω	χρηματίζω	φανέρωσις	χρηματισμός	ἀποκάλυψις	ἐπίσημος	φανερός	αὐγάζω	καταλέγω	ξένος	0	44	34	137	20	2	4	21	11	36	8	3	ἀναρτάω ; 0.43956127762794495	σαρδών ; 0.48537391424179077	ἡμός ; 0.49689769744873047	ἐπιπληρόω ; 0.47762107849121094	ἐπίδειξις ; 0.47855639457702637	ποσάκις ; 0.4338383078575134	ὀνειδισμός ; 0.43015432357788086	̓́Ανθρωπος ; 0.45488691329956055	γνωστέος ; 0.4949018955230713	τηλαύγημα ; 0.5826715230941772	μισάνθρωπος ; 0.4322119355201721
0.07497390658579606	ἐπιτίθημι	δωρέομαι	ἐπιδίδωμι	ἀναδίδωμι	δόσις	δίδωμι	προδίδωμι	δότης	δόμα	παραδίδωμι	ποίμνιον	ποίμνιον	1	305	8	22	3	25	2545	4	2	62	396	79	ἐπιβάλλω ; 0.5269632339477539	ἄγω ; 0.443112313747406	Κρίσπος ; 0.40188926458358765	Μεσουλαμ ; 0.42398542165756226	καλλός ; 0.4134262800216675	τίθημι ; 0.528856098651886	Ἐνάρεες ; 0.44707605242729187	συνακμάζω ; 0.47874724864959717	κατακτείνω ; 0.40594619512557983	ἐκτείνω ; 0.47820812463760376	δυναμικός ; 0.4379146993160248
0.08467576333523175	φίλανδρος	φιλάδελφος	φιλόστοργος	φιλόθεος	φιλότεκνος	φιλαδελφία	φίλαυτος	φιλανθρωπία	φιλία	φιλέω	ὑπερῷον	ὑπερῷον	1	1	4	2	1	4	9	1	7	37	58	33	θηητός ; 0.49502483010292053	ἐπιστηρίζω ; 0.42242956161499023	κόρος2 ; 0.48882195353507996	φιλήδονος ; 0.7944785356521606	φωταγωγέω ; 0.5219205021858215	θρασύνω ; 0.5031518936157227	μίανσις ; 0.49349501729011536	ἀνανεόω ; 0.4610667824745178	Μνησιθείδης ; 0.46374133229255676	ἀγαθός ; 0.46157610416412354	ταμιεῖον ; 0.485792338848114
0.08617475848959605	παραπλέω	ἀποπλέω	βραδυπλοέω	ὑποπλέω	πλοῦς	εὐθυδρομέω	παραλέγομαι	ἀνάγω	πλέω	ἐκπλέω	φθορά	φθορά	1	1	4	1	2	3	2	2	136	13	3	20	ἐπιμάσσομαι ; 0.4241372346878052	Κεραμικός ; 0.4957536458969116	πολλαπλασίων ; 0.4654300808906555	διαμιλλάομαι ; 0.4755265712738037	ὑπερνικάω ; 0.5176841020584106	Σαμοθρᾴκη ; 0.601536750793457	μίλιον ; 0.4380633234977722	ἐξάγω ; 0.5756357908248901	ὀγδοηκοντα ; 0.44203197956085205	Φούριος ; 0.46866297721862793	ὅτι2 ; 0.43578994274139404
0.11310582769550315	ἐξέρχομαι	ἀποβαίνω	ἐκβαίνω	ἀπέρχομαι	μεταίρω	ἐκχωρέω	ἔξειμι	ἀπολύω	ἐκπορεύομαι	ἄφιξις	ἀκαίρως	ἀκαίρως	1	957	24	11	346	6	5	12	100	204	2	2	ἐκπορεύομαι ; 0.5846642851829529	ὀρθρινός ; 0.47551724314689636	χερσαῖος ; 0.47017714381217957	ἐξέρχομαι ; 0.46710625290870667	πανθυμαδόν ; 0.4690680205821991	Νοομα ; 0.4652232527732849	πρῶρραν ; 0.48400676250457764	φωλεός ; 0.4595991373062134	ἐξέρχομαι ; 0.5846642851829529	καταβιάζομαι ; 0.44105297327041626	γλῶσσα ; 0.4585525095462799
0.05074806877234467	ἔγερσις	ζῳοποιέω	συνεγείρω	ἀνάστασις	ἐξανάστασις	ζάω	ἐξεγείρω	ζῳογονέω	ἀναζάω	συζωοποιέω	βραβεύω	ἐξεγείρω	0	4	11	6	48	2	699	73	3	2	2	2	στραγγαλόομαι ; 0.45311176776885986	Μασσηφα ; 0.4267411530017853	κεραυνός ; 0.44416093826293945	ὅλως ; 0.5150761604309082	συννοέω ; 0.47931694984436035	ἀηθέσσω ; 0.4604768753051758	Ζεφυρίη ; 0.47052261233329773	τηρέω ; 0.4680292308330536	ἱππόδαμος ; 0.4619307518005371	Λουκᾶς ; 0.44992536306381226	ἀγενής ; 0.42554450035095215
0.023291199499980653	οἷος	ἔοικα	ὁμοιότης	ὁμοίωμα	ὁμοιόω	ὁμοίωσις	ὅμοιος	ἀφομοιόω	ὁμοίως	τοιοῦτος	πραιτώριον	τοιοῦτος	0	33	4	6	47	54	9	137	1	52	138	8	φονοκτονία ; 0.448770135641098	σεμνόστομος ; 0.5175013542175293	ἀνδρολογεῖον ; 0.5112513303756714	προαπόλλυμαι ; 0.4505210816860199	παιγνία ; 0.4443090558052063	Ἡρακλείδης ; 0.4914626181125641	ἁρπαγμός ; 0.43131107091903687	Ιδαερ ; 0.5040080547332764	ἀτέλεστος ; 0.4581092596054077	Ἦνοψ ; 0.47487297654151917	προκοπή ; 0.4397205710411072
0.0001621323225080018	ἐπίλυσις	διερμηνεύω	διασαφέω	μεθερμηνεύω	ἑρμηνεία	ἑρμηνεύω	δυσερμήνευτος	φράζω	διερμηνευτής	ἐπιλύω	μέχρι(ς)	μεθερμηνεύω	0	1	7	12	9	5	6	1	4	1	2	18	ἐγρηγορτί ; 0.424575537443161	μωρολογία ; 0.4945167005062103	Ἠλίας ; 0.43618541955947876	παλαμναῖος ; 0.43328985571861267	δυσχέρεια ; 0.4622795581817627	εὐπειθής ; 0.4560708701610565	τρόφις ; 0.49625107645988464	εὐθετίζω ; 0.4390854239463806	πλέγμα ; 0.47954559326171875	ἔνθεν ; 0.4696294665336609	ἐλευθέρωσις ; 0.4382662773132324
-0.010421586763987523	ἐπίσημος	χρηματισμός	ἀποκάλυψις	φανερός	αὐγάζω	χρηματίζω	φανέρωσις	δηλόω	ἀποκαλύπτω	ξένος	διδάσκω	ξένος	0	11	4	21	36	8	20	2	44	137	34	203	̓́Ανθρωπος ; 0.45488691329956055	ποσάκις ; 0.4338383078575134	ὀνειδισμός ; 0.43015432357788086	γνωστέος ; 0.4949018955230713	τηλαύγημα ; 0.5826715230941772	ἐπιπληρόω ; 0.47762107849121094	ἐπίδειξις ; 0.47855639457702637	ἀναρτάω ; 0.43956127762794495	ἡμός ; 0.49689769744873047	σαρδών ; 0.48537391424179077	πάομαι ; 0.4248315989971161
-0.03152300071785097	κύριος	μαράνα	Σαβαώθ	κυριακός	παντοκράτωρ	ἐλωΐ	αββα	θεός	ἠλί	ἄθεος	πότε	ἄθεος	0	9318	1	2	2	191	2	3	5315	2	1	66	θεός ; 0.5246423482894897	θά ; 0.7818682789802551	ὁμοῖος ; 0.4637790024280548	ἄχος ; 0.4584497809410095	Κύκλωψ ; 0.44388943910598755	ἠλί ; 0.5589814186096191	Νάννος ; 0.41961976885795593	κύριος ; 0.5246423482894897	λεμά ; 0.6020848751068115	περίειμι ; 0.49004215002059937	φάρσος ; 0.41730254888534546
0.06330835600274132	ἀρτιγέννητος	ἔγκυος	τεκνογονέω	γενετή	ὠδίν	τεκνογονία	γένεσις	γεννητός	γέννημα	τίκτω	βραδύς	τεκνογονέω	0	1	2	1	3	39	1	63	7	7	263	3	παμπληθής ; 0.48822349309921265	προσαπόλλυμι ; 0.454208642244339	οἰκοδεσποτέω ; 0.8481886386871338	γαιήοχος ; 0.44976523518562317	γαστήρ ; 0.42540284991264343	ὁμότεχνος ; 0.49573251605033875	καταστένω ; 0.44488829374313354	Ιεθρααμ ; 0.49042385816574097	φυσιόω ; 0.48859095573425293	συκάζω ; 0.41275614500045776	χλεύασμα ; 0.5557424426078796
-0.02846196489866143	ἐκπληρόω	πληροφορέω	συναντάω	συμβαίνω	ἐνίστημι	προγίνομαι	ἐπιγίνομαι	πρᾶγμα	ἐπεισέρχομαι	συγκυρία	ἀγέλη	ἀγέλη	1	4	7	67	59	20	1	1	137	2	1	17	Μακκαβαῖος ; 0.4547722637653351	ὑλοτομέω ; 0.4357384443283081	διασώζω ; 0.5255462527275085	ὑπερβαλλόντως ; 0.48369765281677246	πλοίζομαι ; 0.4315120577812195	πάρεσις ; 0.8410027623176575	δευτεραῖος ; 0.7134991884231567	ῥῆμα ; 0.47584736347198486	τυδείδης ; 0.44117501378059387	πού ; 0.4946139454841614	καταγινώσκω ; 0.40625879168510437
0.07077986671624487	αββα	κυριακός	κύριος	ἄθεος	Σαβαώθ	παντοκράτωρ	θεός	ἐλωΐ	μαράνα	ἠλί	ἴασπις	ἄθεος	0	3	2	9318	1	2	191	5315	2	1	2	8	Νάννος ; 0.41961976885795593	ἄχος ; 0.4584497809410095	θεός ; 0.5246423482894897	περίειμι ; 0.49004215002059937	ὁμοῖος ; 0.4637790024280548	Κύκλωψ ; 0.44388943910598755	κύριος ; 0.5246423482894897	ἠλί ; 0.5589814186096191	θά ; 0.7818682789802551	λεμά ; 0.6020848751068115	ὕαλος ; 0.5118975639343262
-0.04702366528806329	αὐθεντέω	δαμάζω	εὐπερίστατος	βραβεύω	δοῦλος	συλαγωγέω	ἐνέχω	ζωγρέω	στενοχωρέομαι	συνέχω	ἐρεύγομαι	βραβεύω	0	1	7	1	2	511	1	8	10	3	62	7	ἀβούλητος ; 0.5264339447021484	ἀναμίγνυμι ; 0.4811265468597412	Κάϊν ; 0.4875860810279846	ἀγενής ; 0.42554450035095215	ἐνώπιόν ; 0.5072946548461914	γαμέτης ; 0.5002318620681763	Δελφίνιον ; 0.44689133763313293	Οφερ ; 0.4209707975387573	πειθός ; 0.4674350321292877	ἄμοτον ; 0.4463796615600586	εὐπορία ; 0.4305519461631775
0.005327550075207799	δηλόω	φανερός	ἐπίσημος	ἀποκάλυψις	χρηματίζω	ξένος	ἀποκαλύπτω	φανέρωσις	χρηματισμός	αὐγάζω	τετράπους	ξένος	0	44	36	11	21	20	34	137	2	4	8	16	ἀναρτάω ; 0.43956127762794495	γνωστέος ; 0.4949018955230713	̓́Ανθρωπος ; 0.45488691329956055	ὀνειδισμός ; 0.43015432357788086	ἐπιπληρόω ; 0.47762107849121094	σαρδών ; 0.48537391424179077	ἡμός ; 0.49689769744873047	ἐπίδειξις ; 0.47855639457702637	ποσάκις ; 0.4338383078575134	τηλαύγημα ; 0.5826715230941772	ὕπαστρος ; 0.45899832248687744
0.10655485287328231	ἐκχωρέω	ἔξειμι	ἐκπορεύομαι	ἐκβαίνω	ἐξέρχομαι	μεταίρω	ἀπολύω	ἀποβαίνω	ἄφιξις	ἀπέρχομαι	εὐαγγελιστής	εὐαγγελιστής	1	5	12	204	11	957	6	100	24	2	346	3	Νοομα ; 0.4652232527732849	πρῶρραν ; 0.48400676250457764	ἐξέρχομαι ; 0.5846642851829529	χερσαῖος ; 0.47017714381217957	ἐκπορεύομαι ; 0.5846642851829529	πανθυμαδόν ; 0.4690680205821991	φωλεός ; 0.4595991373062134	ὀρθρινός ; 0.47551724314689636	καταβιάζομαι ; 0.44105297327041626	ἐξέρχομαι ; 0.46710625290870667	Ἤπειρος ; 0.512784481048584
0.03507420338412631	οἶκος	ἔπαυλις	σκήνωμα	πανδοχεῖον	οἰκία	σκηνή	κατάλυμα	πραιτώριον	σκηνοποιός	βασίλειος	φημί	βασίλειος	0	2180	46	83	1	361	455	17	8	1	6	140	Αιλωθ ; 0.498043954372406	σκύλευω ; 0.4084779620170593	ὄγμος ; 0.44617199897766113	σιτοδοσία ; 0.4695868492126465	πόλις ; 0.45861783623695374	ὠμόδροπος ; 0.4632123112678528	σάτον ; 0.41015827655792236	προκοπή ; 0.4397205710411072	μονοχίτων ; 0.5213832855224609	προκρίνω ; 0.4639621078968048	προάστιον ; 0.43635571002960205
0.015145384369252946	λάθρᾳ	βαθύς	ἀπόκρυφος	κρύπτη	βάθος	κρυπτός	μυστήριον	κρυφῇ	κρυφαῖος	ἀφανής	ἄψινθος	λάθρᾳ	0	13	28	28	1	31	36	57	13	6	5	1	κίχρημι ; 0.44080209732055664	μῶνυξ ; 0.4397693872451782	Ἀρίων ; 0.42144858837127686	νήυτμος ; 0.5311155319213867	ξενιτεία ; 0.4294719398021698	Ἀνδραιμονίδης ; 0.41565439105033875	κώδιον ; 0.41046079993247986	Φόλουιος ; 0.4528796374797821	ὀφθαλμός ; 0.44992050528526306	παραλλαγή ; 0.4419725239276886	ἀπεκδύομαι ; 0.4726153016090393
0.035866838940129375	λέπρα	λεπρός	νόσος	κάμνω	ἄρρωστος	λοιμός	μαλακία	πυρετός	πυρέσσω	δυσεντέριον	ἔθνος	ἔθνος	1	43	22	22	8	7	30	18	7	2	1	1174	σύνδεσμος ; 0.42759862542152405	σκιάδειον ; 0.44961294531822205	κεράτιον ; 0.3991437554359436	μισθέω ; 0.4435637593269348	καταθάπτω ; 0.44451451301574707	Ὑάκινθος ; 0.4672238230705261	δισκέω ; 0.4260269105434418	πυρέσσω ; 0.4842337369918823	πυρετός ; 0.4842337369918823	ἀποθλίβω ; 0.46056970953941345	χώρα ; 0.4541666805744171
0.047942143472027576	πταίω	προαμαρτάνω	ἁμαρτωλός	ἄπταιστος	ἁμάρτημα	ἁμαρτάνω	ῥᾳδιούργημα	ῥᾳδιουργία	ἁμαρτία	παράπτωμα	προσδοκάω	προσδοκάω	1	20	2	226	2	41	312	1	1	714	41	29	πλοιάριον ; 0.41364026069641113	καταυδάω ; 0.4370788335800171	ἀσεβής ; 0.4344165325164795	Ἶσος ; 0.4722461402416229	ἐπίνοια ; 0.416412889957428	χρηστός ; 0.40343910455703735	χθονοτρεφής ; 0.5339300632476807	ἀποκλαίω ; 0.5098373889923096	παράπτωμα ; 0.5010667443275452	ἁμαρτία ; 0.5010667443275452	ἐνιζάνω ; 0.4490084648132324
-0.04745985465626168	ἐθνικός	ποίμνιον	ἐθνικῶς	ἄδικος	Χριστιανός	νεόφυτος	ἀδελφότης	ἐκκλησία	ψευδάδελφος	ἄνομος	διαλογισμός	ψευδάδελφος	0	4	79	1	137	3	6	9	217	2	115	39	ταξίαρχος ; 0.4738921821117401	δυναμικός ; 0.4379146993160248	Ἰουδαϊκῶς ; 0.8237717151641846	συναναστροφή ; 0.43769654631614685	ἐπιπείθομαι ; 0.48016035556793213	ἀνήρ ; 0.5031253099441528	χροιά ; 0.4593403935432434	προστασία ; 0.44644975662231445	παρείσακτος ; 0.5419268608093262	δίκαιος ; 0.46919554471969604	συμφυτεύω ; 0.3956853151321411
0.0404236998325776	ἀποκάλυψις	ἀποκαλύπτω	χρηματίζω	αὐγάζω	φανέρωσις	ἐπίσημος	δηλόω	χρηματισμός	ξένος	φανερός	ῥάκος	ξένος	0	21	137	20	8	2	11	44	4	34	36	5	ὀνειδισμός ; 0.43015432357788086	ἡμός ; 0.49689769744873047	ἐπιπληρόω ; 0.47762107849121094	τηλαύγημα ; 0.5826715230941772	ἐπίδειξις ; 0.47855639457702637	̓́Ανθρωπος ; 0.45488691329956055	ἀναρτάω ; 0.43956127762794495	ποσάκις ; 0.4338383078575134	σαρδών ; 0.48537391424179077	γνωστέος ; 0.4949018955230713	καταμήνιος ; 0.5612978935241699
0.004428770077583188	πατρικός	μάμμη	γονεύς	πρόγονος	πατρῷος	μήτηρ	πατήρ	ἀπάτωρ	προπάτωρ	ἀμήτωρ	παράπτωμα	ἀπάτωρ	0	14	2	37	13	12	421	1861	1	2	1	41	παίδευσις ; 0.41623765230178833	Λωΐς ; 0.5132656097412109	Κτήσιππος ; 0.43922531604766846	ἕδος ; 0.4796401262283325	ἐξώτερος ; 0.40663039684295654	Βηθλεεμ ; 0.4403965175151825	σιτέω ; 0.438607394695282	ἀγενεαλόγητος ; 0.49910029768943787	Κόμμοδος ; 0.47276920080184937	προπράσσω ; 0.46158432960510254	ἁμαρτία ; 0.5010667443275452
0.0028235625304391387	χρηματισμός	φανερός	δηλόω	αὐγάζω	ξένος	φανέρωσις	ἀποκαλύπτω	χρηματίζω	ἀποκάλυψις	ἐπίσημος	εὐσεβῶς	ξένος	0	4	36	44	8	34	2	137	20	21	11	2	ποσάκις ; 0.4338383078575134	γνωστέος ; 0.4949018955230713	ἀναρτάω ; 0.43956127762794495	τηλαύγημα ; 0.5826715230941772	σαρδών ; 0.48537391424179077	ἐπίδειξις ; 0.47855639457702637	ἡμός ; 0.49689769744873047	ἐπιπληρόω ; 0.47762107849121094	ὀνειδισμός ; 0.43015432357788086	̓́Ανθρωπος ; 0.45488691329956055	Βοσορ ; 0.44991248846054077
0.0457014551641044	σείω	ἀποτινάσσω	τρόμος	σαλεύω	ταράσσω	ῥιπή	ἔντρομος	ἐκτινάσσω	τρέμω	ἀπομάσσομαι	ἔνδυμα	ἔνδυμα	1	42	5	35	93	135	1	8	29	16	2	22	μελετέω ; 0.41571667790412903	ἀντιπίπτω ; 0.4548286199569702	εὐπηγής ; 0.49232327938079834	ἐρίζω ; 0.42873597145080566	αἰσθητική ; 0.45252689719200134	ἄτομος ; 0.5759454369544983	ἄπωθεν ; 0.4410783350467682	προσφορέω ; 0.495269238948822	ἄτομος ; 0.43360912799835205	ἰωή ; 0.47047343850135803	σχιστός ; 0.4682406783103943
0.08226486339282812	ἀποτινάσσω	σαλεύω	σείω	ῥιπή	ἀπομάσσομαι	ταράσσω	τρόμος	τρέμω	ἔντρομος	ἐκτινάσσω	ψωμίζω	ψωμίζω	1	5	93	42	1	2	135	35	16	8	29	25	ἀντιπίπτω ; 0.4548286199569702	ἐρίζω ; 0.42873597145080566	μελετέω ; 0.41571667790412903	ἄτομος ; 0.5759454369544983	ἰωή ; 0.47047343850135803	αἰσθητική ; 0.45252689719200134	εὐπηγής ; 0.49232327938079834	ἄτομος ; 0.43360912799835205	ἄπωθεν ; 0.4410783350467682	προσφορέω ; 0.495269238948822	κSUψω ; 0.48665058612823486
-0.014729426195162765	ἀνασκευάζω	καταπονέω	θορυβάζω	ἀμέριμνος	προμεριμνάω	προσδοκάω	θορυβέω	μεριμνάω	μετεωρίζομαι	μέριμνα	ἐντόπιος	προσδοκάω	0	1	4	1	4	1	29	10	28	1	17	1	δηϊόω ; 0.47968047857284546	ἔμβολον ; 0.49491482973098755	Φοινίκης ; 0.5313518643379211	Εὐνίκη ; 0.46369054913520813	ἐμώ ; 0.4743720293045044	ἐνιζάνω ; 0.4490084648132324	ἐξοδοιπορέω ; 0.4662717282772064	ἀνακρίνω ; 0.416588693857193	ἡττάομαι ; 0.5064983367919922	πρόσ-ἐπιφθέγγομαι ; 0.4605468511581421	ἐγκόπτω ; 0.47806304693222046
0.010692723605050525	ἐξολεθρεύω	ὄλεθρος	ὀλοθρεύω	συναπόλλυμαι	ἀπώλεια	ὀλοθρευτής	φθείρω	ἀπόλλυμι	πορθέω	φθορά	λάθρᾳ	λάθρᾳ	1	221	28	1	1	140	1	29	468	5	20	13	ἐξαίρω ; 0.5608720183372498	σαίνω ; 0.45156341791152954	πρόσχυσις ; 0.5503926873207092	ἐνσχολάζω ; 0.504365861415863	ἀντιπαραβάλλω ; 0.46375536918640137	τυπικῶς ; 0.7630972266197205	ἀδικέω ; 0.46810784935951233	ἐξολεθρεύω ; 0.4559476375579834	ἐενώπιον ; 0.44744575023651123	ὅτι2 ; 0.43578994274139404	κίχρημι ; 0.44080209732055664
0.07043442034793679	πταίω	ἄπταιστος	προαμαρτάνω	παράπτωμα	ἁμαρτωλός	ἁμαρτία	ῥᾳδιούργημα	ῥᾳδιουργία	ἁμάρτημα	ἁμαρτάνω	ἔγκυος	ἔγκυος	1	20	2	2	41	226	714	1	1	41	312	2	πλοιάριον ; 0.41364026069641113	Ἶσος ; 0.4722461402416229	καταυδάω ; 0.4370788335800171	ἁμαρτία ; 0.5010667443275452	ἀσεβής ; 0.4344165325164795	παράπτωμα ; 0.5010667443275452	χθονοτρεφής ; 0.5339300632476807	ἀποκλαίω ; 0.5098373889923096	ἐπίνοια ; 0.416412889957428	χρηστός ; 0.40343910455703735	προσαπόλλυμι ; 0.454208642244339
-0.005481847813567919	ὁμοίωσις	ὁμοίωμα	ὁμοιότης	ὁμοίως	τοιοῦτος	οἷος	ἔοικα	ὁμοιόω	ἀφομοιόω	ὅμοιος	φιλάδελφος	φιλάδελφος	1	9	47	6	52	138	33	4	54	1	137	4	Ἡρακλείδης ; 0.4914626181125641	προαπόλλυμαι ; 0.4505210816860199	ἀνδρολογεῖον ; 0.5112513303756714	ἀτέλεστος ; 0.4581092596054077	Ἦνοψ ; 0.47487297654151917	φονοκτονία ; 0.448770135641098	σεμνόστομος ; 0.5175013542175293	παιγνία ; 0.4443090558052063	Ιδαερ ; 0.5040080547332764	ἁρπαγμός ; 0.43131107091903687	ἐπιστηρίζω ; 0.42242956161499023
-0.0010868241126207323	ἡγεμονεύω	κυριεύω	ἄρχων	ἡγεμονία	κατακυριεύω	κατεξουσιάζω	κυριότης	ἄρχω	ἐξουσιάζω	ἡγεμών	ὁμοιόω	ἡγεμών	0	2	71	680	8	20	2	4	313	18	104	54	μύρω ; 0.43035605549812317	δώτωρ ; 0.42321258783340454	φυλή ; 0.46197688579559326	πλαγιάζω ; 0.4694807231426239	εἰρηνεύω ; 0.4252486228942871	προσκυρόω ; 0.4288792014122009	πλοῦτος1 ; 0.5007391571998596	μισθόω ; 0.4124184846878052	παρακεῖμαι ; 0.40523043274879456	Ελναθαν ; 0.46042925119400024	παιγνία ; 0.4443090558052063
0.12745864689251224	θηρίον	κτῆνος	τετράπους	θρέμμα	ὑποζύγιον	ἀγέλη	ζῷον	ἄρκος	λύκος	ἀλώπηξ	ὀλοθρευτής	θρέμμα	0	211	266	16	1	31	17	61	18	15	13	1	δένδρον ; 0.511448860168457	ἑρπετόν ; 0.45691215991973877	ὕπαστρος ; 0.45899832248687744	κοίμημα ; 0.4704461991786957	ὄνος ; 0.46842479705810547	καταγινώσκω ; 0.40625879168510437	ἀπόλοιπος ; 0.458660751581192	λέων ; 0.4841405153274536	συστρατεύομαι ; 0.4494149386882782	οἱόμαι ; 0.4457840919494629	τυπικῶς ; 0.7630972266197205
0.030306819490364123	διετία	ἐνιαυτός	ἔτος	φθινοπωρινός	παραχειμάζω	διετής	χειμών	θέρος	παραχειμασία	τριετία	φανέρωσις	θέρος	0	2	168	767	1	4	2	13	11	1	1	2	ὀψώνιον ; 0.43165820837020874	ἡμέρα ; 0.469582200050354	μήν ; 0.5150106549263	αἰτίωμα ; 0.4314810633659363	περιαπτω ; 0.4314213991165161	Ελιασιβ ; 0.4648132920265198	μυλικός ; 0.41628411412239075	ἔκδηλος ; 0.45020413398742676	Ἄρατος ; 0.43652820587158203	αἴλουρος ; 0.43176403641700745	ἐπίδειξις ; 0.47855639457702637
0.1439526882392081	ἀποπλέω	ἐκπλέω	πλέω	παραπλέω	βραδυπλοέω	ἀνάγω	παραλέγομαι	πλοῦς	εὐθυδρομέω	ὑποπλέω	εὐπερίστατος	εὐπερίστατος	1	4	3	13	1	1	136	2	3	2	2	1	Κεραμικός ; 0.4957536458969116	Φούριος ; 0.46866297721862793	ὀγδοηκοντα ; 0.44203197956085205	ἐπιμάσσομαι ; 0.4241372346878052	πολλαπλασίων ; 0.4654300808906555	ἐξάγω ; 0.5756357908248901	μίλιον ; 0.4380633234977722	ὑπερνικάω ; 0.5176841020584106	Σαμοθρᾴκη ; 0.601536750793457	διαμιλλάομαι ; 0.4755265712738037	Κάϊν ; 0.4875860810279846
0.13884068123365556	ἁμάρτημα	πταίω	παράπτωμα	ἄπταιστος	προαμαρτάνω	ἁμαρτία	ἁμαρτάνω	ῥᾳδιουργία	ἁμαρτωλός	ῥᾳδιούργημα	περιβάλλω	περιβάλλω	1	41	20	41	2	2	714	312	1	226	1	94	ἐπίνοια ; 0.416412889957428	πλοιάριον ; 0.41364026069641113	ἁμαρτία ; 0.5010667443275452	Ἶσος ; 0.4722461402416229	καταυδάω ; 0.4370788335800171	παράπτωμα ; 0.5010667443275452	χρηστός ; 0.40343910455703735	ἀποκλαίω ; 0.5098373889923096	ἀσεβής ; 0.4344165325164795	χθονοτρεφής ; 0.5339300632476807	σίρις ; 0.506152868270874
-0.019297864286073663	δεισιδαίμων	θεοσέβεια	δεισιδαιμονία	θρησκός	θεοσεβής	εὐσέβεια	εὐσεβῶς	εὐσεβής	θρησκεία	ἱεροπρεπής	ὀκνέω	θεοσεβής	0	1	1	1	1	8	72	2	36	8	3	11	φυσικῶς ; 0.49059346318244934	Πηνελόπη ; 0.4784112870693207	κτίσμα ; 0.439587265253067	χαλιναγωγέω ; 0.5265661478042603	πορσύνω ; 0.3882918357849121	βάσανος ; 0.4661310017108917	Βοσορ ; 0.44991248846054077	βάσκανος ; 0.45981207489967346	παρακολουθέω ; 0.4632875919342041	δακρυοπετής ; 0.5016115307807922	φοβέω ; 0.45206812024116516
-0.0043512398286463805	ἀκαίρως	εὐκαιρέω	ὥρα	πότε	ἀκαιρέομαι	προθεσμία	εὐκαιρία	εὐκαίρως	εὔκαιρος	καιρός	ἀποστάσιον	εὐκαιρία	0	2	3	180	66	1	1	7	3	7	570	7	γλῶσσα ; 0.4585525095462799	σκοτομήνιος ; 0.4519123136997223	καιρός ; 0.4307471811771393	φάρσος ; 0.41730254888534546	Θαβωθ ; 0.5168614387512207	Μαρμηνα ; 0.46028944849967957	δεόντως ; 0.5014838576316833	εὐστροφία ; 0.44801226258277893	ἀναλογία ; 0.46474114060401917	ἡμέρα ; 0.5568216443061829	πυξίον ; 0.4296867251396179
0.03314282332511176	πρωτεύω	μεγιστάν	μεγαλωσύνη	πρωτοστάτης	ἐπιστάτης	ἐξοχή	μεγαλειότης	ὑπεροχή	εὐγενής	κυρία	ἀναφωνέω	ἀναφωνέω	1	4	53	36	2	20	1	7	7	11	10	6	μοναρχικός ; 0.4931804835796356	πρεσβύτερος ; 0.48589009046554565	νιφόεις ; 0.42144209146499634	παρευθύνω ; 0.453207790851593	ἐπιπορεύομαι ; 0.451589435338974	ὁρκάνη ; 0.5279711484909058	καιρός ; 0.4496690034866333	ὀθόνη ; 0.40615004301071167	ἀντιπέρα ; 0.49793633818626404	Πύθων ; 0.4515671730041504	περιπροχέομαι ; 0.4214628040790558
0.07714070645843535	ὀργή	ὀργίζομαι	θυμόομαι	θυμομαχέω	ὀργίλος	θυμός	προσοχθίζω	παροργισμός	χολάω	παροργίζω	εἷς	εἷς	1	339	9	1	1	5	351	23	8	1	60	1376	ἐκδίκησις ; 0.4588070809841156	νοστέω ; 0.43785563111305237	Σωφαχ ; 0.4564160704612732	Μασση ; 0.511468768119812	ἀνεξέλεγκτος ; 0.47663164138793945	ἔμπνευσις ; 0.4598787724971771	μισθωτός ; 0.4590047001838684	κουφίζω ; 0.42454421520233154	πταίρω ; 0.4299982190132141	γεγωνέω ; 0.41390901803970337	εἷς ; 0.46412086486816406
0.04965782210345676	κατοικητήριον	ἐνοικέω	οἰκητήριον	περιοικέω	οἰκέω	κατοικέω	κατοικία	ἐγκατοικέω	παροικέω	κατοίκησις	ἀγγελία	ἐγκατοικέω	0	22	46	3	1	158	723	37	1	73	11	15	ἀπρόσμαχος ; 0.47496193647384644	καταμετρέω ; 0.44020599126815796	Χαλαχ ; 0.46295303106307983	ἐπισυναγωγή ; 0.465052992105484	νεόσμηκτος ; 0.4100833535194397	Νήρικος ; 0.4182191491127014	Ασιδαῖος ; 0.4750211238861084	ἐκεῖνος ; 0.5182771682739258	αὐλίζω ; 0.4830428957939148	Σαρεπτα ; 0.44686636328697205	Εὔτρησις ; 0.44230860471725464
-0.06730146516303553	παθητός	πόνος	συμπαθέω	προπάσχω	συγκακοπαθέω	πάθημα	πάσχω	συνωδίνω	συμπάσχω	συγκακουχέομαι	ἰσχύω	συγκακουχέομαι	0	1	97	3	1	2	16	60	1	3	1	134	παρθενοπίπης ; 0.4569205939769745	ἀτιμάζω ; 0.46562957763671875	Μακαλωθ ; 0.4839059114456177	αὐστηρός ; 0.43879735469818115	ἄριστος ; 0.484721302986145	φοβερισμός ; 0.4705003798007965	ὑποδείκνυμι ; 0.4304462671279907	συστενάζω ; 0.7946455478668213	ἀνεννόητος ; 0.5320756435394287	ὀκταήμερος ; 0.4871518611907959	τιτθός ; 0.4246351718902588
0.0005897304243376311	καιρός	ὥρα	εὐκαιρέω	ἀκαιρέομαι	πότε	εὔκαιρος	εὐκαίρως	ἀκαίρως	εὐκαιρία	προθεσμία	θηρίον	εὐκαιρία	0	570	180	3	1	66	7	3	2	7	1	211	ἡμέρα ; 0.5568216443061829	καιρός ; 0.4307471811771393	σκοτομήνιος ; 0.4519123136997223	Θαβωθ ; 0.5168614387512207	φάρσος ; 0.41730254888534546	ἀναλογία ; 0.46474114060401917	εὐστροφία ; 0.44801226258277893	γλῶσσα ; 0.4585525095462799	δεόντως ; 0.5014838576316833	Μαρμηνα ; 0.46028944849967957	δένδρον ; 0.511448860168457
0.00334665740108403	συνέχω	στενοχωρέομαι	ἐνέχω	βραβεύω	δοῦλος	αὐθεντέω	δαμάζω	ζωγρέω	εὐπερίστατος	συλαγωγέω	φανερός	βραβεύω	0	62	3	8	2	511	1	7	10	1	1	36	ἄμοτον ; 0.4463796615600586	πειθός ; 0.4674350321292877	Δελφίνιον ; 0.44689133763313293	ἀγενής ; 0.42554450035095215	ἐνώπιόν ; 0.5072946548461914	ἀβούλητος ; 0.5264339447021484	ἀναμίγνυμι ; 0.4811265468597412	Οφερ ; 0.4209707975387573	Κάϊν ; 0.4875860810279846	γαμέτης ; 0.5002318620681763	γνωστέος ; 0.4949018955230713
0.0691935058029905	εὐπάρεδρον	εὐαγγελιστής	προφῆτις	ψευδαπόστολος	προφήτης	συμπρεσβύτερος	ἀπόστολος	ψευδοπροφήτης	ἀποστολή	Μεσσίας	θεοδίδακτος	εὐπάρεδρον	0	1	3	8	1	477	1	79	20	15	2	1	ἀπερισπάστως ; 0.7453134059906006	Ἤπειρος ; 0.512784481048584	Πατρεύς ; 0.45519936084747314	κέρδος ; 0.46649056673049927	καλλίπυγος ; 0.40302637219429016	Ἀγχάρης ; 0.45311498641967773	Ἰάκωβος ; 0.46354883909225464	ὑποκρίνω ; 0.39166271686553955	Ἀριστοφάνης ; 0.49542686343193054	πυέλος ; 0.4877997934818268	συμπαρακαλέομαι ; 0.5003623366355896
-0.02350791750794584	προγίνομαι	πρᾶγμα	συναντάω	συμβαίνω	πληροφορέω	ἐπεισέρχομαι	ἐνίστημι	συγκυρία	ἐκπληρόω	ἐπιγίνομαι	καταπέτασμα	καταπέτασμα	1	1	137	67	59	7	2	20	1	4	1	44	πάρεσις ; 0.8410027623176575	ῥῆμα ; 0.47584736347198486	διασώζω ; 0.5255462527275085	ὑπερβαλλόντως ; 0.48369765281677246	ὑλοτομέω ; 0.4357384443283081	τυδείδης ; 0.44117501378059387	πλοίζομαι ; 0.4315120577812195	πού ; 0.4946139454841614	Μακκαβαῖος ; 0.4547722637653351	δευτεραῖος ; 0.7134991884231567	ἐξέδρα ; 0.4767080247402191
0.03159046529615983	νυμφών	κοιτών	ὑπερῷον	ἀνάγαιον	οἴκημα	θησαυρός	γαζοφυλάκιον	ξενία	κορβανᾶς	ταμεῖον	ἐνίστημι	ἐνίστημι	1	7	16	33	2	4	110	30	4	1	4	20	περισκέπω ; 0.42008522152900696	συναναφύρω ; 0.4801047444343567	ταμιεῖον ; 0.485792338848114	τρυφάνω ; 0.49792152643203735	ἐπίθημα ; 0.42370152473449707	αριωθ ; 0.4244115650653839	καταμεστόω ; 0.41854435205459595	συμπάρειμι1 ; 0.44175320863723755	ιηN ; 0.4368101954460144	κατακαυχάομαι ; 0.40511536598205566	πλοίζομαι ; 0.4315120577812195
-0.013804166858613687	φανερός	φανέρωσις	δηλόω	αὐγάζω	χρηματίζω	ἀποκάλυψις	ξένος	ἐπίσημος	ἀποκαλύπτω	χρηματισμός	ἔντρομος	ξένος	0	36	2	44	8	20	21	34	11	137	4	8	γνωστέος ; 0.4949018955230713	ἐπίδειξις ; 0.47855639457702637	ἀναρτάω ; 0.43956127762794495	τηλαύγημα ; 0.5826715230941772	ἐπιπληρόω ; 0.47762107849121094	ὀνειδισμός ; 0.43015432357788086	σαρδών ; 0.48537391424179077	̓́Ανθρωπος ; 0.45488691329956055	ἡμός ; 0.49689769744873047	ποσάκις ; 0.4338383078575134	ἄπωθεν ; 0.4410783350467682
-0.024175779624779126	κατανοέω	ἐνθυμέομαι	διενθυμέομαι	ἀναλογίζομαι	λογισμός	ἔννοια	λογίζομαι	συμβάλλω	διαλογισμός	διαλογίζομαι	ἐμβλέπω	ἔννοια	0	43	23	1	4	117	12	160	15	39	28	34	ἀθεώρητος ; 0.39566919207572937	δείδω ; 0.4371451735496521	ἀμφιλαφής ; 0.5311098098754883	φυλακτέος ; 0.48409873247146606	Αμμανῖτις ; 0.5005195736885071	ἀνελεημόνως ; 0.44212520122528076	διαδείκνυμι ; 0.4278796315193176	μαθητεύω ; 0.4621180295944214	συμφυτεύω ; 0.3956853151321411	ἰσχυρῶς ; 0.465202271938324	ἀρχιτελώνης ; 0.40561583638191223
0.03638118582454564	ἔντρομος	ῥιπή	ταράσσω	τρόμος	σείω	σαλεύω	ἀποτινάσσω	ἀπομάσσομαι	τρέμω	ἐκτινάσσω	διασαφέω	διασαφέω	1	8	1	135	35	42	93	5	2	16	29	12	ἄπωθεν ; 0.4410783350467682	ἄτομος ; 0.5759454369544983	αἰσθητική ; 0.45252689719200134	εὐπηγής ; 0.49232327938079834	μελετέω ; 0.41571667790412903	ἐρίζω ; 0.42873597145080566	ἀντιπίπτω ; 0.4548286199569702	ἰωή ; 0.47047343850135803	ἄτομος ; 0.43360912799835205	προσφορέω ; 0.495269238948822	Ἠλίας ; 0.43618541955947876
0.006393847579869327	περιβάλλω	ἐνδιδύσκω	ἐπενδύομαι	ἱματίζω	ἀμφιέννυμι	ἐγκομβόομαι	σπαργανόω	ἀμφιάζω	περίθεσις	ἐνδύω	γεωργός	σπαργανόω	0	94	4	2	2	5	1	4	3	1	147	28	σίρις ; 0.506152868270874	ἐπιλησμονή ; 0.4970903694629669	θᾶττον ; 0.5323258638381958	συναπάγομαι ; 0.4880128502845764	ἀνορύσσω ; 0.4462924599647522	ὄγκος ; 0.480028361082077	συγκλονέω ; 0.4562911093235016	ὑπερήφανος ; 0.49205338954925537	ἐμπλοκή ; 0.6948643326759338	περιβάλλω ; 0.4469869136810303	σιτομέτριον ; 0.4390574097633362
-0.0001980140789877849	πατρικός	προπάτωρ	μάμμη	ἀπάτωρ	πρόγονος	πατρῷος	γονεύς	μήτηρ	ἀμήτωρ	πατήρ	θέρος	ἀπάτωρ	0	14	2	2	1	13	12	37	421	1	1861	11	παίδευσις ; 0.41623765230178833	Κόμμοδος ; 0.47276920080184937	Λωΐς ; 0.5132656097412109	ἀγενεαλόγητος ; 0.49910029768943787	ἕδος ; 0.4796401262283325	ἐξώτερος ; 0.40663039684295654	Κτήσιππος ; 0.43922531604766846	Βηθλεεμ ; 0.4403965175151825	προπράσσω ; 0.46158432960510254	σιτέω ; 0.438607394695282	ἔκδηλος ; 0.45020413398742676
0.12425639901612173	φωτίζω	φαίνω	διαυγάζω	ἐπιφώσκω	φῶς	ἐπιφαίνω	φέγγος	ἐκλάμπω	ἐπιφαύσκω	λάμπω	ἐγκομβόομαι	ἐπιφώσκω	0	51	97	1	2	248	27	28	8	4	13	1	Ἀλεξανδρεύς ; 0.41536614298820496	στιγμή ; 0.42416301369667053	φωσφόρος ; 0.7925704121589661	Βακχα ; 0.49418532848358154	ἐπεμβαίνω ; 0.44298940896987915	ἐπιφημί ; 0.5177254676818848	στοργή ; 0.4282054305076599	δαήρ ; 0.4486679136753082	κατάπτυστος ; 0.46977078914642334	Ἰθακήσιος ; 0.43648743629455566	ὄγκος ; 0.480028361082077
0.022375942912747637	εὐπερίστατος	ἐνέχω	στενοχωρέομαι	ζωγρέω	βραβεύω	δαμάζω	δοῦλος	συλαγωγέω	συνέχω	αὐθεντέω	θεοσέβεια	βραβεύω	0	1	8	3	10	2	7	511	1	62	1	1	Κάϊν ; 0.4875860810279846	Δελφίνιον ; 0.44689133763313293	πειθός ; 0.4674350321292877	Οφερ ; 0.4209707975387573	ἀγενής ; 0.42554450035095215	ἀναμίγνυμι ; 0.4811265468597412	ἐνώπιόν ; 0.5072946548461914	γαμέτης ; 0.5002318620681763	ἄμοτον ; 0.4463796615600586	ἀβούλητος ; 0.5264339447021484	Πηνελόπη ; 0.4784112870693207
-0.011486670353716921	αββα	κύριος	Σαβαώθ	ἄθεος	ἐλωΐ	παντοκράτωρ	κυριακός	μαράνα	ἠλί	θεός	ἀπόστολος	ἄθεος	0	3	9318	2	1	2	191	2	1	2	5315	79	Νάννος ; 0.41961976885795593	θεός ; 0.5246423482894897	ὁμοῖος ; 0.4637790024280548	περίειμι ; 0.49004215002059937	ἠλί ; 0.5589814186096191	Κύκλωψ ; 0.44388943910598755	ἄχος ; 0.4584497809410095	θά ; 0.7818682789802551	λεμά ; 0.6020848751068115	κύριος ; 0.5246423482894897	Ἰάκωβος ; 0.46354883909225464
0.055517548642043	ὄψις	κόμη	κρανίον	ἔριον	μέτωπον	κέρας	μέλος	θρίξ	τρίχινος	κεφαλή	ἔξειμι	μέτωπον	0	62	13	7	13	17	133	61	66	2	507	12	ἀήρ ; 0.4332941770553589	μάκαρ ; 0.4610498547554016	ἐκβιάζω ; 0.47528883814811707	κύκλωμα ; 0.4245738387107849	Ιθαμαρ ; 0.4236926734447479	ὑπερφέρω ; 0.4630303978919983	ἐξοπλισία ; 0.44953781366348267	πυκνότερον ; 0.46246665716171265	ἀμαθής ; 0.4637705981731415	ἐκτιναγμός ; 0.4116330146789551	πρῶρραν ; 0.48400676250457764
0.007421055971253754	χράομαι	κατάστημα	ἀναστροφή	βίος	συνοικέω	ἀγωγή	προσφέρω	διάγω	στοιχέω	ἀναστρέφω	ἐνέχω	ἀναστρέφω	0	34	1	15	79	15	7	212	23	6	123	8	ἀκρότονος ; 0.4305179715156555	κλών ; 0.5244436264038086	ἀπαράμυθος ; 0.41527000069618225	συγγενής ; 0.48314058780670166	ἐλασσόω ; 0.5080074071884155	προσποιέω ; 0.41935133934020996	φέρω ; 0.567807674407959	κατακαίω ; 0.47653985023498535	Ἰδαῖε ; 0.5119857788085938	βαρύγλωσσος ; 0.44673585891723633	Δελφίνιον ; 0.44689133763313293
-0.004687298932421535	ἀπογράφω	καταλέγω	χειρόγραφον	ἰῶτα	ἀπογραφή	ἐπιγραφή	κεραία	ἀποστάσιον	ἐλλογέω	γράμμα	λοιμός	ἀπογράφω	0	10	3	7	1	8	5	2	7	2	41	30	ἀνηλεής ; 0.44282326102256775	μισάνθρωπος ; 0.4322119355201721	τροπόω ; 0.43601590394973755	νασιφ ; 0.5662651062011719	Δηίφοβος ; 0.4967966675758362	Μεγάβαζος ; 0.5242136716842651	Ραθαμιν ; 0.4225896894931793	πυξίον ; 0.4296867251396179	λῦμα ; 0.4931677579879761	Ναυσίθοος ; 0.4240987300872803	Ὑάκινθος ; 0.4672238230705261
0.0620102849801184	σπόριμος	γεωργός	ἀμάω	φυτεύω	ἐπισπείρω	σπείρω	ἐγκεντρίζω	ἀροτριάω	γεωργέω	ἐκριζόω	ἀμήτωρ	ἐπισπείρω	0	5	28	6	61	1	113	7	18	4	14	1	ἀσέληνος ; 0.40738728642463684	σιτομέτριον ; 0.4390574097633362	Σηλυμβριανός ; 0.4267747104167938	αδων ; 0.4278944730758667	δελφάκιον ; 0.41419729590415955	πετρῶδες ; 0.4390542805194855	δύσπνοος ; 0.4366934299468994	Καδμηίς ; 0.4503155052661896	διαπεράω ; 0.4908978343009949	καναχέω ; 0.4136959910392761	προπράσσω ; 0.46158432960510254
0.026181881952338892	ὠδίν	γέννημα	γενετή	τεκνογονία	γεννητός	ἀρτιγέννητος	γένεσις	τεκνογονέω	τίκτω	ἔγκυος	συμπάσχω	τεκνογονέω	0	39	7	3	1	7	1	63	1	263	2	3	γαστήρ ; 0.42540284991264343	φυσιόω ; 0.48859095573425293	γαιήοχος ; 0.44976523518562317	ὁμότεχνος ; 0.49573251605033875	Ιεθρααμ ; 0.49042385816574097	παμπληθής ; 0.48822349309921265	καταστένω ; 0.44488829374313354	οἰκοδεσποτέω ; 0.8481886386871338	συκάζω ; 0.41275614500045776	προσαπόλλυμι ; 0.454208642244339	ἀνεννόητος ; 0.5320756435394287
0.0815665875885509	φιλία	φιλόστοργος	φίλαυτος	φιλέω	φιλόθεος	φιλαδελφία	φίλανδρος	φιλάδελφος	φιλανθρωπία	φιλότεκνος	ἐλωΐ	φιλάδελφος	0	37	2	1	58	1	9	1	4	7	4	2	Μνησιθείδης ; 0.46374133229255676	κόρος2 ; 0.48882195353507996	μίανσις ; 0.49349501729011536	ἀγαθός ; 0.46157610416412354	φιλήδονος ; 0.7944785356521606	θρασύνω ; 0.5031518936157227	θηητός ; 0.49502483010292053	ἐπιστηρίζω ; 0.42242956161499023	ἀνανεόω ; 0.4610667824745178	φωταγωγέω ; 0.5219205021858215	ἠλί ; 0.5589814186096191
0.017226615247681265	ἀεί	χρονοτριβέω	σχολάζω	μακρός	ἑκάστοτε	πάντοτε	παροίχομαι	διαγίνομαι	χρόνος	μακροχρόνιος	συμβάλλω	σχολάζω	0	21	1	5	37	1	43	1	3	193	3	15	αἰώνιος ; 0.45736658573150635	ἔνοσις ; 0.48206329345703125	Φρυνίων ; 0.47711992263793945	πλήρωμα ; 0.4427335560321808	ὄροφος ; 0.46461808681488037	ἀγάπη ; 0.4726652204990387	ὑλήεις ; 0.4455830752849579	ἀγραυλέω ; 0.49513471126556396	μύλαξ ; 0.4264155328273773	μακροήμερος ; 0.6692731976509094	μαθητεύω ; 0.4621180295944214
0.03161385325409727	ἀποφθέγγομαι	προσαγωγή	ἀναφωνέω	λέγω	ἐκλαλέω	ἐπιφωνέω	φθέγγομαι	λαλέω	προσλαλέω	φημί	ἔννοια	φθέγγομαι	0	9	3	6	4491	2	7	18	1487	4	140	12	κερατίνη ; 0.459516704082489	ὑποδαμνάω ; 0.4391712546348572	περιπροχέομαι ; 0.4214628040790558	εἶπον ; 0.528477132320404	ἀκροατής ; 0.41424739360809326	θέατρον ; 0.48974621295928955	παύω ; 0.46161016821861267	ἐντέλλομαι ; 0.4864678382873535	διαρροθέω ; 0.46716850996017456	προάστιον ; 0.43635571002960205	ἀνελεημόνως ; 0.44212520122528076
-0.0549285887682624	κατάστημα	ἀναστροφή	διάγω	συνοικέω	ἀγωγή	ἀναστρέφω	προσφέρω	χράομαι	στοιχέω	βίος	βάθος	ἀναστρέφω	0	1	15	23	15	7	123	212	34	6	79	31	κλών ; 0.5244436264038086	ἀπαράμυθος ; 0.41527000069618225	κατακαίω ; 0.47653985023498535	ἐλασσόω ; 0.5080074071884155	προσποιέω ; 0.41935133934020996	βαρύγλωσσος ; 0.44673585891723633	φέρω ; 0.567807674407959	ἀκρότονος ; 0.4305179715156555	Ἰδαῖε ; 0.5119857788085938	συγγενής ; 0.48314058780670166	ξενιτεία ; 0.4294719398021698
0.04372494738467897	διδαχή	παιδεία	θεοδίδακτος	παιδεύω	κατηχέω	σωφρονίζω	διδακτός	διδάσκω	ὑποτίθημι	διδασκαλία	δότης	σωφρονίζω	0	31	121	1	101	8	1	6	203	15	25	2	Εὔβοια ; 0.4247823655605316	ὑπακούω ; 0.5208069086074829	συμπαρακαλέομαι ; 0.5003623366355896	δοκιμασία ; 0.4732522964477539	ἐντευκτικός ; 0.48032957315444946	ἐπειδήπερ ; 0.45799991488456726	ᾠδός ; 0.4547936022281647	πάομαι ; 0.4248315989971161	καινοτομέω ; 0.4847206771373749	ἠθοποιός ; 0.4759392738342285	συνακμάζω ; 0.47874724864959717
0.045679441468564175	ἀφομοιόω	ὁμοίως	οἷος	ὅμοιος	ἔοικα	ὁμοιόω	ὁμοίωμα	ὁμοίωσις	τοιοῦτος	ὁμοιότης	ἐξοχή	ἀφομοιόω	0	1	52	33	137	4	54	47	9	138	6	1	Ιδαερ ; 0.5040080547332764	ἀτέλεστος ; 0.4581092596054077	φονοκτονία ; 0.448770135641098	ἁρπαγμός ; 0.43131107091903687	σεμνόστομος ; 0.5175013542175293	παιγνία ; 0.4443090558052063	προαπόλλυμαι ; 0.4505210816860199	Ἡρακλείδης ; 0.4914626181125641	Ἦνοψ ; 0.47487297654151917	ἀνδρολογεῖον ; 0.5112513303756714	ὁρκάνη ; 0.5279711484909058
0.07865440994838069	ἐκβαίνω	ἐξέρχομαι	μεταίρω	ἄφιξις	ἐκχωρέω	ἀποβαίνω	ἔξειμι	ἀπέρχομαι	ἐκπορεύομαι	ἀπολύω	συλαγωγέω	ἄφιξις	0	11	957	6	2	5	24	12	346	204	100	1	χερσαῖος ; 0.47017714381217957	ἐκπορεύομαι ; 0.5846642851829529	πανθυμαδόν ; 0.4690680205821991	καταβιάζομαι ; 0.44105297327041626	Νοομα ; 0.4652232527732849	ὀρθρινός ; 0.47551724314689636	πρῶρραν ; 0.48400676250457764	ἐξέρχομαι ; 0.46710625290870667	ἐξέρχομαι ; 0.5846642851829529	φωλεός ; 0.4595991373062134	γαμέτης ; 0.5002318620681763
0.01966122214049487	θρίξ	κέρας	κεφαλή	μέλος	κρανίον	μέτωπον	ἔριον	ὄψις	κόμη	τρίχινος	ἄγγος	μέτωπον	0	66	133	507	61	7	17	13	62	13	2	7	πυκνότερον ; 0.46246665716171265	ὑπερφέρω ; 0.4630303978919983	ἐκτιναγμός ; 0.4116330146789551	ἐξοπλισία ; 0.44953781366348267	ἐκβιάζω ; 0.47528883814811707	Ιθαμαρ ; 0.4236926734447479	κύκλωμα ; 0.4245738387107849	ἀήρ ; 0.4332941770553589	μάκαρ ; 0.4610498547554016	ἀμαθής ; 0.4637705981731415	ποιμενικός ; 0.44106239080429077
-0.013248040991490406	αὐθεντέω	εὐπερίστατος	ζωγρέω	συλαγωγέω	ἐνέχω	βραβεύω	δαμάζω	στενοχωρέομαι	συνέχω	δοῦλος	κοιτών	βραβεύω	0	1	1	10	1	8	2	7	3	62	511	16	ἀβούλητος ; 0.5264339447021484	Κάϊν ; 0.4875860810279846	Οφερ ; 0.4209707975387573	γαμέτης ; 0.5002318620681763	Δελφίνιον ; 0.44689133763313293	ἀγενής ; 0.42554450035095215	ἀναμίγνυμι ; 0.4811265468597412	πειθός ; 0.4674350321292877	ἄμοτον ; 0.4463796615600586	ἐνώπιόν ; 0.5072946548461914	συναναφύρω ; 0.4801047444343567
-0.014473792269212415	πληροφορέω	ἐπιγίνομαι	προγίνομαι	πρᾶγμα	ἐνίστημι	συγκυρία	ἐπεισέρχομαι	συμβαίνω	συναντάω	ἐκπληρόω	ὑδρία	προγίνομαι	0	7	1	1	137	20	1	2	59	67	4	25	ὑλοτομέω ; 0.4357384443283081	δευτεραῖος ; 0.7134991884231567	πάρεσις ; 0.8410027623176575	ῥῆμα ; 0.47584736347198486	πλοίζομαι ; 0.4315120577812195	πού ; 0.4946139454841614	τυδείδης ; 0.44117501378059387	ὑπερβαλλόντως ; 0.48369765281677246	διασώζω ; 0.5255462527275085	Μακκαβαῖος ; 0.4547722637653351	ἐπιστηρίζω ; 0.44334521889686584
0.06965156841606163	ζάω	συνεγείρω	ἀναζάω	συζωοποιέω	ἔγερσις	ζῳογονέω	ζῳοποιέω	ἐξεγείρω	ἀνάστασις	ἐξανάστασις	χρονοτριβέω	ἐξεγείρω	0	699	6	2	2	4	3	11	73	48	2	1	ἀηθέσσω ; 0.4604768753051758	κεραυνός ; 0.44416093826293945	ἱππόδαμος ; 0.4619307518005371	Λουκᾶς ; 0.44992536306381226	στραγγαλόομαι ; 0.45311176776885986	τηρέω ; 0.4680292308330536	Μασσηφα ; 0.4267411530017853	Ζεφυρίη ; 0.47052261233329773	ὅλως ; 0.5150761604309082	συννοέω ; 0.47931694984436035	ἔνοσις ; 0.48206329345703125
0.09411321289515223	δύναμις	κατισχύω	σθενόω	ἐξισχύω	δυνατέω	δύναμαι	ἰσχύω	δυναμόω	ἐνδυναμόω	ἰσχύς	πλοῦς	πλοῦς	1	710	108	1	1	3	543	134	6	8	373	3	λαμπρότης ; 0.3936927318572998	ἐνισχύω ; 0.5193384289741516	μυρεψικός ; 0.45448631048202515	περιλύω ; 0.508143424987793	δωδεκάφυλον ; 0.4944145381450653	οἶδα ; 0.4521166980266571	τιτθός ; 0.4246351718902588	συμψοφέω ; 0.44271010160446167	ἄνεσις ; 0.4096145033836365	Ἀρτεμβάρας ; 0.4705637991428375	ὑπερνικάω ; 0.5176841020584106
0.04441564623348759	ταράσσω	ἔντρομος	σαλεύω	ἀποτινάσσω	ῥιπή	ἀπομάσσομαι	ἐκτινάσσω	τρόμος	σείω	τρέμω	πρωτεύω	ἐκτινάσσω	0	135	8	93	5	1	2	29	35	42	16	4	αἰσθητική ; 0.45252689719200134	ἄπωθεν ; 0.4410783350467682	ἐρίζω ; 0.42873597145080566	ἀντιπίπτω ; 0.4548286199569702	ἄτομος ; 0.5759454369544983	ἰωή ; 0.47047343850135803	προσφορέω ; 0.495269238948822	εὐπηγής ; 0.49232327938079834	μελετέω ; 0.41571667790412903	ἄτομος ; 0.43360912799835205	μοναρχικός ; 0.4931804835796356
0.0995028773429128	θρίξ	κόμη	ὄψις	κέρας	κεφαλή	μέλος	κρανίον	μέτωπον	ἔριον	τρίχινος	ἐξολεθρεύω	ἐξολεθρεύω	1	66	13	62	133	507	61	7	17	13	2	221	πυκνότερον ; 0.46246665716171265	μάκαρ ; 0.4610498547554016	ἀήρ ; 0.4332941770553589	ὑπερφέρω ; 0.4630303978919983	ἐκτιναγμός ; 0.4116330146789551	ἐξοπλισία ; 0.44953781366348267	ἐκβιάζω ; 0.47528883814811707	Ιθαμαρ ; 0.4236926734447479	κύκλωμα ; 0.4245738387107849	ἀμαθής ; 0.4637705981731415	ἐξαίρω ; 0.5608720183372498
0.02025409597762451	ὁμοίωσις	ὁμοιότης	ὅμοιος	ὁμοιόω	οἷος	ἀφομοιόω	ὁμοίως	τοιοῦτος	ὁμοίωμα	ἔοικα	χρηματίζω	τοιοῦτος	0	9	6	137	54	33	1	52	138	47	4	20	Ἡρακλείδης ; 0.4914626181125641	ἀνδρολογεῖον ; 0.5112513303756714	ἁρπαγμός ; 0.43131107091903687	παιγνία ; 0.4443090558052063	φονοκτονία ; 0.448770135641098	Ιδαερ ; 0.5040080547332764	ἀτέλεστος ; 0.4581092596054077	Ἦνοψ ; 0.47487297654151917	προαπόλλυμαι ; 0.4505210816860199	σεμνόστομος ; 0.5175013542175293	ἐπιπληρόω ; 0.47762107849121094
0.08213481550100188	θέρος	παραχειμασία	χειμών	φθινοπωρινός	τριετία	διετία	διετής	ἔτος	παραχειμάζω	ἐνιαυτός	ἐπιτίθημι	θέρος	0	11	1	13	1	1	2	2	767	4	168	305	ἔκδηλος ; 0.45020413398742676	Ἄρατος ; 0.43652820587158203	μυλικός ; 0.41628411412239075	αἰτίωμα ; 0.4314810633659363	αἴλουρος ; 0.43176403641700745	ὀψώνιον ; 0.43165820837020874	Ελιασιβ ; 0.4648132920265198	μήν ; 0.5150106549263	περιαπτω ; 0.4314213991165161	ἡμέρα ; 0.469582200050354	ἐπιβάλλω ; 0.5269632339477539
0.08490966947731288	κατοικέω	οἰκέω	κατοίκησις	παροικέω	κατοικία	ἐνοικέω	περιοικέω	οἰκητήριον	κατοικητήριον	ἐγκατοικέω	καταστρώννυμι	καταστρώννυμι	1	723	158	11	73	37	46	1	3	22	1	10	Νήρικος ; 0.4182191491127014	νεόσμηκτος ; 0.4100833535194397	Σαρεπτα ; 0.44686636328697205	αὐλίζω ; 0.4830428957939148	Ασιδαῖος ; 0.4750211238861084	καταμετρέω ; 0.44020599126815796	ἐπισυναγωγή ; 0.465052992105484	Χαλαχ ; 0.46295303106307983	ἀπρόσμαχος ; 0.47496193647384644	ἐκεῖνος ; 0.5182771682739258	ἀντιπαρέρχομαι ; 0.5171172618865967
0.0447800759185783	φίλανδρος	φιλία	φιλόστοργος	φίλαυτος	φιλάδελφος	φιλόθεος	φιλανθρωπία	φιλαδελφία	φιλέω	φιλότεκνος	ὀργίζομαι	ὀργίζομαι	1	1	37	2	1	4	1	7	9	58	4	9	θηητός ; 0.49502483010292053	Μνησιθείδης ; 0.46374133229255676	κόρος2 ; 0.48882195353507996	μίανσις ; 0.49349501729011536	ἐπιστηρίζω ; 0.42242956161499023	φιλήδονος ; 0.7944785356521606	ἀνανεόω ; 0.4610667824745178	θρασύνω ; 0.5031518936157227	ἀγαθός ; 0.46157610416412354	φωταγωγέω ; 0.5219205021858215	νοστέω ; 0.43785563111305237
0.06080245148129665	νόσος	λοιμός	ἄρρωστος	πυρέσσω	λέπρα	λεπρός	πυρετός	κάμνω	μαλακία	δυσεντέριον	βασίλειος	βασίλειος	1	22	30	7	2	43	22	7	8	18	1	6	κεράτιον ; 0.3991437554359436	Ὑάκινθος ; 0.4672238230705261	καταθάπτω ; 0.44451451301574707	πυρετός ; 0.4842337369918823	σύνδεσμος ; 0.42759862542152405	σκιάδειον ; 0.44961294531822205	πυρέσσω ; 0.4842337369918823	μισθέω ; 0.4435637593269348	δισκέω ; 0.4260269105434418	ἀποθλίβω ; 0.46056970953941345	προκρίνω ; 0.4639621078968048
0.040133634381455674	ταμεῖον	κορβανᾶς	γαζοφυλάκιον	ὑπερῷον	θησαυρός	ἀνάγαιον	ξενία	κοιτών	οἴκημα	νυμφών	ἀναβλέπω	ἀναβλέπω	1	4	1	30	33	110	2	4	16	4	7	60	κατακαυχάομαι ; 0.40511536598205566	ιηN ; 0.4368101954460144	καταμεστόω ; 0.41854435205459595	ταμιεῖον ; 0.485792338848114	αριωθ ; 0.4244115650653839	τρυφάνω ; 0.49792152643203735	συμπάρειμι1 ; 0.44175320863723755	συναναφύρω ; 0.4801047444343567	ἐπίθημα ; 0.42370152473449707	περισκέπω ; 0.42008522152900696	στιβίζω ; 0.4528842270374298
0.13146637230413577	ὅμοιος	ἔοικα	οἷος	ὁμοίως	ὁμοιότης	ὁμοίωμα	ἀφομοιόω	τοιοῦτος	ὁμοίωσις	ὁμοιόω	μακροχρόνιος	ὁμοίως	0	137	4	33	52	6	47	1	138	9	54	3	ἁρπαγμός ; 0.43131107091903687	σεμνόστομος ; 0.5175013542175293	φονοκτονία ; 0.448770135641098	ἀτέλεστος ; 0.4581092596054077	ἀνδρολογεῖον ; 0.5112513303756714	προαπόλλυμαι ; 0.4505210816860199	Ιδαερ ; 0.5040080547332764	Ἦνοψ ; 0.47487297654151917	Ἡρακλείδης ; 0.4914626181125641	παιγνία ; 0.4443090558052063	μακροήμερος ; 0.6692731976509094
0.08315930302019231	σθενόω	δύναμις	δυνατέω	δύναμαι	ἐνδυναμόω	κατισχύω	ἰσχύω	ἐξισχύω	ἰσχύς	δυναμόω	πολίτης	πολίτης	1	1	710	3	543	8	108	134	1	373	6	21	μυρεψικός ; 0.45448631048202515	λαμπρότης ; 0.3936927318572998	δωδεκάφυλον ; 0.4944145381450653	οἶδα ; 0.4521166980266571	ἄνεσις ; 0.4096145033836365	ἐνισχύω ; 0.5193384289741516	τιτθός ; 0.4246351718902588	περιλύω ; 0.508143424987793	Ἀρτεμβάρας ; 0.4705637991428375	συμψοφέω ; 0.44271010160446167	διάγγελμα ; 0.43904435634613037
0.036853258824565194	κοπή	σφαγή	θανατόω	ἀναίρεσις	ἀναιρέω	διαχειρίζομαι	σφάζω	καταστρώννυμι	κατασφάζω	ἀποκτείνω	πταίω	πταίω	1	5	27	171	5	112	2	94	10	12	317	20	ἀπολείπω ; 0.410642147064209	βοῦς ; 0.4321269094944	ἀποκτείνω ; 0.4762476682662964	λοιδόρησις ; 0.47435617446899414	ἀλλογνοέω ; 0.48987966775894165	ἀκρωτηριάζω ; 0.46852606534957886	ἀναφέρω ; 0.504812479019165	ἀντιπαρέρχομαι ; 0.5171172618865967	θανάσιμος ; 0.4452795386314392	θανατόω ; 0.4762476682662964	πλοιάριον ; 0.41364026069641113
-0.03893605483460083	εὐσεβῶς	δεισιδαιμονία	θεοσέβεια	ἱεροπρεπής	εὐσέβεια	εὐσεβής	θρησκεία	δεισιδαίμων	θρησκός	θεοσεβής	Χριστιανός	δεισιδαιμονία	0	2	1	1	3	72	36	8	1	1	8	3	Βοσορ ; 0.44991248846054077	κτίσμα ; 0.439587265253067	Πηνελόπη ; 0.4784112870693207	δακρυοπετής ; 0.5016115307807922	βάσανος ; 0.4661310017108917	βάσκανος ; 0.45981207489967346	παρακολουθέω ; 0.4632875919342041	φυσικῶς ; 0.49059346318244934	χαλιναγωγέω ; 0.5265661478042603	πορσύνω ; 0.3882918357849121	ἐπιπείθομαι ; 0.48016035556793213
-0.04235853171554865	ἑκάστοτε	ἀεί	μακρός	παροίχομαι	διαγίνομαι	χρονοτριβέω	σχολάζω	μακροχρόνιος	χρόνος	πάντοτε	πάσχω	διαγίνομαι	0	1	21	37	1	3	1	5	3	193	43	60	ὄροφος ; 0.46461808681488037	αἰώνιος ; 0.45736658573150635	πλήρωμα ; 0.4427335560321808	ὑλήεις ; 0.4455830752849579	ἀγραυλέω ; 0.49513471126556396	ἔνοσις ; 0.48206329345703125	Φρυνίων ; 0.47711992263793945	μακροήμερος ; 0.6692731976509094	μύλαξ ; 0.4264155328273773	ἀγάπη ; 0.4726652204990387	ὑποδείκνυμι ; 0.4304462671279907
0.12808643585604634	τροφή	διατροφή	ψίξ	βρῶμα	πόσις	πόμα	ἐπισιτισμός	ψωμίον	σιτομέτριον	χόρτασμα	βραδύς	βραδύς	1	47	2	2	92	5	7	16	4	1	9	3	πλοκή ; 0.4583708345890045	καταγγέλλω ; 0.45218971371650696	χωρέω ; 0.48103636503219604	βρώσιμος ; 0.4654529392719269	πυρπνόος ; 0.4502057731151581	μήνυτρον ; 0.4686118960380554	ἐπαναστρέφω ; 0.3934677243232727	νυμφίος ; 0.49569016695022583	οἰκετεία ; 0.5963780283927917	Ἁλικαρνησσός ; 0.507394552230835	χλεύασμα ; 0.5557424426078796
0.011684017256108792	ἐλωΐ	κυριακός	αββα	κύριος	ἄθεος	θεός	Σαβαώθ	μαράνα	ἠλί	παντοκράτωρ	οἰκητήριον	ἄθεος	0	2	2	3	9318	1	5315	2	1	2	191	3	ἠλί ; 0.5589814186096191	ἄχος ; 0.4584497809410095	Νάννος ; 0.41961976885795593	θεός ; 0.5246423482894897	περίειμι ; 0.49004215002059937	κύριος ; 0.5246423482894897	ὁμοῖος ; 0.4637790024280548	θά ; 0.7818682789802551	λεμά ; 0.6020848751068115	Κύκλωψ ; 0.44388943910598755	Χαλαχ ; 0.46295303106307983
0.16477837792774286	σφάζω	σφαγή	καταστρώννυμι	ἀναίρεσις	ἀποκτείνω	κοπή	θανατόω	διαχειρίζομαι	ἀναιρέω	κατασφάζω	θρησκός	θρησκός	1	94	27	10	5	317	5	171	2	112	12	1	ἀναφέρω ; 0.504812479019165	βοῦς ; 0.4321269094944	ἀντιπαρέρχομαι ; 0.5171172618865967	λοιδόρησις ; 0.47435617446899414	θανατόω ; 0.4762476682662964	ἀπολείπω ; 0.410642147064209	ἀποκτείνω ; 0.4762476682662964	ἀκρωτηριάζω ; 0.46852606534957886	ἀλλογνοέω ; 0.48987966775894165	θανάσιμος ; 0.4452795386314392	χαλιναγωγέω ; 0.5265661478042603
0.09418218796447031	οἰκία	βασίλειος	οἶκος	ἔπαυλις	σκηνοποιός	πανδοχεῖον	σκήνωμα	πραιτώριον	κατάλυμα	σκηνή	ὁμοιότης	βασίλειος	0	361	6	2180	46	1	1	83	8	17	455	6	πόλις ; 0.45861783623695374	προκρίνω ; 0.4639621078968048	Αιλωθ ; 0.498043954372406	σκύλευω ; 0.4084779620170593	μονοχίτων ; 0.5213832855224609	σιτοδοσία ; 0.4695868492126465	ὄγμος ; 0.44617199897766113	προκοπή ; 0.4397205710411072	σάτον ; 0.41015827655792236	ὠμόδροπος ; 0.4632123112678528	ἀνδρολογεῖον ; 0.5112513303756714
0.16850641132156874	ψωμίζω	τρέφω	τρώγω	ἐσθίω	βόσκω	βρῶσις	βιβρώσκω	ἐκτρέφω	βρώσιμος	θηλάζω	δέκα	δέκα	1	25	34	6	841	37	53	44	29	4	34	351	κSUψω ; 0.48665058612823486	συμπορεύομαι ; 0.4256848096847534	μάννα ; 0.4642521142959595	περιάγνυμι ; 0.4415808618068695	τημελέω ; 0.4321715235710144	εὐεργής ; 0.43562817573547363	πέσσω ; 0.45556870102882385	μιαίνω ; 0.4271967113018036	καρπός ; 0.5088151693344116	παρθενία ; 0.4461725950241089	εἴκοσι ; 0.6265615820884705
0.09577371279858626	Μεσσίας	προφήτης	ψευδαπόστολος	ἀποστολή	συμπρεσβύτερος	προφῆτις	ψευδοπροφήτης	εὐαγγελιστής	ἀπόστολος	εὐπάρεδρον	ἐπενδύομαι	ἐπενδύομαι	1	2	477	1	15	1	8	20	3	79	1	2	πυέλος ; 0.4877997934818268	καλλίπυγος ; 0.40302637219429016	κέρδος ; 0.46649056673049927	Ἀριστοφάνης ; 0.49542686343193054	Ἀγχάρης ; 0.45311498641967773	Πατρεύς ; 0.45519936084747314	ὑποκρίνω ; 0.39166271686553955	Ἤπειρος ; 0.512784481048584	Ἰάκωβος ; 0.46354883909225464	ἀπερισπάστως ; 0.7453134059906006	θᾶττον ; 0.5323258638381958
0.08108915807057565	τεκνογονέω	γένεσις	ὠδίν	τίκτω	τεκνογονία	γεννητός	ἀρτιγέννητος	γενετή	ἔγκυος	γέννημα	διαγίνομαι	τεκνογονέω	0	1	63	39	263	1	7	1	3	2	7	3	οἰκοδεσποτέω ; 0.8481886386871338	καταστένω ; 0.44488829374313354	γαστήρ ; 0.42540284991264343	συκάζω ; 0.41275614500045776	ὁμότεχνος ; 0.49573251605033875	Ιεθρααμ ; 0.49042385816574097	παμπληθής ; 0.48822349309921265	γαιήοχος ; 0.44976523518562317	προσαπόλλυμι ; 0.454208642244339	φυσιόω ; 0.48859095573425293	ἀγραυλέω ; 0.49513471126556396
0.010439870512909233	ἔγκυος	τίκτω	γεννητός	γέννημα	τεκνογονία	ἀρτιγέννητος	γένεσις	ὠδίν	τεκνογονέω	γενετή	ἀποκτείνω	τεκνογονέω	0	2	263	7	7	1	1	63	39	1	3	317	προσαπόλλυμι ; 0.454208642244339	συκάζω ; 0.41275614500045776	Ιεθρααμ ; 0.49042385816574097	φυσιόω ; 0.48859095573425293	ὁμότεχνος ; 0.49573251605033875	παμπληθής ; 0.48822349309921265	καταστένω ; 0.44488829374313354	γαστήρ ; 0.42540284991264343	οἰκοδεσποτέω ; 0.8481886386871338	γαιήοχος ; 0.44976523518562317	θανατόω ; 0.4762476682662964
0.012191771674995855	πληροφορέω	προγίνομαι	συμβαίνω	πρᾶγμα	ἐπιγίνομαι	συναντάω	συγκυρία	ἐπεισέρχομαι	ἐνίστημι	ἐκπληρόω	κατάστημα	ἐπιγίνομαι	0	7	1	59	137	1	67	1	2	20	4	1	ὑλοτομέω ; 0.4357384443283081	πάρεσις ; 0.8410027623176575	ὑπερβαλλόντως ; 0.48369765281677246	ῥῆμα ; 0.47584736347198486	δευτεραῖος ; 0.7134991884231567	διασώζω ; 0.5255462527275085	πού ; 0.4946139454841614	τυδείδης ; 0.44117501378059387	πλοίζομαι ; 0.4315120577812195	Μακκαβαῖος ; 0.4547722637653351	κλών ; 0.5244436264038086
0.05277871613251395	ἐγκεντρίζω	σπείρω	ἐκριζόω	σπόριμος	ἀροτριάω	γεωργός	γεωργέω	ἐπισπείρω	ἀμάω	φυτεύω	φίλαυτος	ἐπισπείρω	0	7	113	14	5	18	28	4	1	6	61	1	δύσπνοος ; 0.4366934299468994	πετρῶδες ; 0.4390542805194855	καναχέω ; 0.4136959910392761	ἀσέληνος ; 0.40738728642463684	Καδμηίς ; 0.4503155052661896	σιτομέτριον ; 0.4390574097633362	διαπεράω ; 0.4908978343009949	δελφάκιον ; 0.41419729590415955	Σηλυμβριανός ; 0.4267747104167938	αδων ; 0.4278944730758667	μίανσις ; 0.49349501729011536
-0.09308805173631418	ἀδελφότης	ποίμνιον	ἄνομος	ἐθνικῶς	νεόφυτος	Χριστιανός	ἄδικος	ἐθνικός	ἐκκλησία	ψευδάδελφος	τρίβολος	ψευδάδελφος	0	9	79	115	1	6	3	137	4	217	2	6	χροιά ; 0.4593403935432434	δυναμικός ; 0.4379146993160248	δίκαιος ; 0.46919554471969604	Ἰουδαϊκῶς ; 0.8237717151641846	ἀνήρ ; 0.5031253099441528	ἐπιπείθομαι ; 0.48016035556793213	συναναστροφή ; 0.43769654631614685	ταξίαρχος ; 0.4738921821117401	προστασία ; 0.44644975662231445	παρείσακτος ; 0.5419268608093262	Ἀλύβη ; 0.4180343747138977
-0.0234161122977945	ἀμέριμνος	μέριμνα	θορυβέω	προμεριμνάω	μετεωρίζομαι	προσδοκάω	ἀνασκευάζω	θορυβάζω	καταπονέω	μεριμνάω	ἀροτριάω	μέριμνα	0	4	17	10	1	1	29	1	1	4	28	18	Εὐνίκη ; 0.46369054913520813	πρόσ-ἐπιφθέγγομαι ; 0.4605468511581421	ἐξοδοιπορέω ; 0.4662717282772064	ἐμώ ; 0.4743720293045044	ἡττάομαι ; 0.5064983367919922	ἐνιζάνω ; 0.4490084648132324	δηϊόω ; 0.47968047857284546	Φοινίκης ; 0.5313518643379211	ἔμβολον ; 0.49491482973098755	ἀνακρίνω ; 0.416588693857193	Καδμηίς ; 0.4503155052661896
0.09584333262969952	διαλογισμός	ἀναλογίζομαι	ἐνθυμέομαι	συμβάλλω	λογίζομαι	διαλογίζομαι	κατανοέω	ἔννοια	λογισμός	διενθυμέομαι	Μεσσίας	ἔννοια	0	39	4	23	15	160	28	43	12	117	1	2	συμφυτεύω ; 0.3956853151321411	φυλακτέος ; 0.48409873247146606	δείδω ; 0.4371451735496521	μαθητεύω ; 0.4621180295944214	διαδείκνυμι ; 0.4278796315193176	ἰσχυρῶς ; 0.465202271938324	ἀθεώρητος ; 0.39566919207572937	ἀνελεημόνως ; 0.44212520122528076	Αμμανῖτις ; 0.5005195736885071	ἀμφιλαφής ; 0.5311098098754883	πυέλος ; 0.4877997934818268
0.140393144785175	ἁμαρτωλός	ἄπταιστος	πταίω	ἁμάρτημα	ῥᾳδιούργημα	ῥᾳδιουργία	ἁμαρτάνω	ἁμαρτία	παράπτωμα	προαμαρτάνω	ὀθόνη	ὀθόνη	1	226	2	20	41	1	1	312	714	41	2	2	ἀσεβής ; 0.4344165325164795	Ἶσος ; 0.4722461402416229	πλοιάριον ; 0.41364026069641113	ἐπίνοια ; 0.416412889957428	χθονοτρεφής ; 0.5339300632476807	ἀποκλαίω ; 0.5098373889923096	χρηστός ; 0.40343910455703735	παράπτωμα ; 0.5010667443275452	ἁμαρτία ; 0.5010667443275452	καταυδάω ; 0.4370788335800171	ἅπτω ; 0.4900473952293396
0.08328671023898376	ἀλώπηξ	ὑποζύγιον	ζῷον	κτῆνος	θηρίον	θρέμμα	ἀγέλη	ἄρκος	τετράπους	λύκος	παιδεύω	παιδεύω	1	13	31	61	266	211	1	17	18	16	15	101	οἱόμαι ; 0.4457840919494629	ὄνος ; 0.46842479705810547	ἀπόλοιπος ; 0.458660751581192	ἑρπετόν ; 0.45691215991973877	δένδρον ; 0.511448860168457	κοίμημα ; 0.4704461991786957	καταγινώσκω ; 0.40625879168510437	λέων ; 0.4841405153274536	ὕπαστρος ; 0.45899832248687744	συστρατεύομαι ; 0.4494149386882782	δοκιμασία ; 0.4732522964477539